HID,BIO08_Mean,TXX_IDW1N10,BIO02_Mean,TN90P_IDW1N10,ID_IDW1N10,BIO14_Mean,BIO18_Mean,CWD_IDW1N10,RX1DAY_IDW1N10,WSDI_IDW1N10
7931,0.7798372,10.342586,6.4393756,10.779346,166.664597,56.623235,248.42888,17.881002,46.569183,6.438771
7853,-0.1341563,11.456974,6.074154500000001,11.416892,138.09313,103.786285,341.598287,14.71999,47.097406,7.260121
7852,6.1412069,11.120306,6.9756859,10.756617,196.757079,58.730435,255.989466,14.194048,51.865623,5.698529
7851,-2.0178378,10.05766,6.0677746,10.68934,197.246303,69.137474,285.071885,15.613214,49.379028,6.197142
7850,-0.430154,11.241815,6.062363400000001,10.830424,173.398246,62.230178,262.784626,16.687927,44.712203,6.867413
7772,-3.100689,11.096128,5.7467332,11.619097,121.359348,112.243884,388.538846,13.732916,45.820766,8.262708
7771,-1.3258459,12.598487,6.1698911,10.605786,220.942959,91.588676,321.243213,12.408901,54.338016,5.24346
7770,-0.5823989,9.356734,6.3183176,10.615801,229.282661,69.61079,283.061576,13.692386,52.736201,5.922617
7769,-3.726421,8.69455,5.6737672,10.721173,224.839153,74.473666,298.706405,14.749166,48.684243,6.714276
7690,-3.3946243000000003,10.664813,5.5727588,11.069763,203.025979,115.133554,375.169056,12.25002,55.054392,6.060389
7689,0.4985953,9.113788,6.7294796,10.645926,232.233316,68.149738,271.508445,13.173641,53.124315,5.79605
7688,-5.3851604,7.12445,5.5480004,10.625443,253.618908,83.746155,319.567148,13.816597,50.204185,6.617239
7687,-3.2319008,8.738117,5.7669347,10.745099,219.156706,67.900096,280.312934,15.433568,45.600103,6.747084
7609,-6.5458366,9.13501,4.9049638,10.86358,229.043421,126.378269,404.648264,12.412014,54.74996,6.253775
7608,-7.2361457,5.467675,5.2055863,10.455164,286.071562,104.255975,356.24586,12.559596,50.916808,6.19085
7607,-6.1768707,6.53409,5.3841324,10.630528,266.851997,82.000611,316.802115,13.590257,46.406929,6.807753
7606,-3.0914118,9.38416,5.5074343,10.798803,219.664253,69.278855,283.700115,15.409563,44.90019,6.617274
7528,-5.399945300000001,9.469459,5.319323,11.216819,200.65073,117.9263,386.449478,12.440851,54.517377,7.272125
7527,-7.7062419,4.929274,4.9810639000000005,10.419425,296.715411,118.468844,384.407384,11.771964,51.094534,6.241337
7526,-8.853904400000001,5.079965,4.898433,10.516754,291.138096,104.867631,362.835535,12.800557,47.53943,6.655024
7525,-7.356751900000001,6.365328,5.1204125,10.691465,268.849123,83.302061,320.946449,13.700152,44.887173,6.969761
7524,1.8984448,10.365215,5.8950266,10.795202,212.812204,55.564795,244.500788,15.158395,40.657974,6.030463
7446,-8.6422494,5.94306,4.4128524,10.631871,279.886348,136.90965,434.165685,12.377157,57.691196,5.981003
7445,-10.0667436,4.608706,4.5853182,10.419699,304.276384,123.992787,396.702261,12.291308,48.09642,6.268333
7444,-9.4386148,3.932098,4.8344975,10.536087,308.155519,98.623967,352.720075,12.6324,42.022177,7.03395
7443,-8.0317734,8.032364,4.9771479,10.738378,253.065289,81.441334,316.685647,13.933978,41.65571,6.676234
7442,4.212607,12.693192,5.8321084,10.782009,198.184995,50.685178,231.867253,15.121519,38.568319,5.543111
7366,-5.9092259,8.194045,5.5267667000000005,11.090529,230.694842,109.705891,362.358,12.566065,58.70245,6.746107
7365,-10.207017,5.039831,4.3796839,10.51427,297.963427,134.414915,421.862881,12.082815,52.232632,5.988324
7364,-10.8197876,2.775562,4.5719332,10.425088,329.054544,116.899141,382.983449,12.076963,38.145325,6.785449
7363,-9.8465198,5.10183,4.7932278,10.645886,299.582888,92.600815,340.783662,12.853482,39.416028,6.976924
7362,-5.6539409,9.518121,5.3181137,10.786178,247.32142,67.392095,278.655794,13.936693,39.099539,6.56484
7361,4.1188523,12.934791,5.6214635,10.78665,187.960436,48.880574,228.042195,14.637939,35.944519,5.164899
7284,-7.659711199999999,5.984165,4.7063407,10.784044,272.827214,126.686099,405.495009,12.400124,56.948635,6.309398
7283,-10.7312746,2.634279,4.5226964,10.393089,332.665966,125.07943,396.30673,11.996467,39.025291,6.435129
7282,-11.3788061,3.089101,4.5520472,10.535567,323.548809,108.274872,369.105123,12.246529,36.162419,6.993039
7281,-9.2034464,5.657624,4.9847828,10.723008,293.904416,81.250455,313.019093,12.846825,36.780379,7.073466
7280,-0.4512328,12.161833,5.6674845,10.813113,227.079285,54.206966,241.406399,13.722855,36.934563,5.923396
7203,-6.1238472,8.084929,5.7648657,11.205085,220.894474,100.811165,334.05424,12.639312,58.472459,7.200993
7202,-8.9106445,3.938137,4.7710101,10.542571,313.243124,122.753645,386.953854,12.070873,49.530081,6.210357
7201,-11.950475,2.283595,4.4203001,10.414859,338.273853,121.940746,389.425123,11.784022,35.206168,6.686462
7200,-10.8822138,3.494419,4.7685881000000006,10.630257,322.24933,94.195912,339.034239,12.074104,32.172146,6.935416
7199,-7.414192799999999,8.323572,5.4301025,10.772289,272.422022,64.866554,269.304897,13.100616,35.908991,6.745037
7198,4.1176091,14.11735,5.9801595,10.82891,217.588964,42.945746,207.946371,13.289179,35.464288,5.621029
7122,-5.1100468,5.804102,5.4835609,10.767106,278.744917,106.08781,342.682785,12.246427,57.825129,6.503453
7121,-11.3538173,2.830929,4.4480285,10.395827,332.330171,125.929589,396.081131,11.86975,42.126894,6.406495
7120,-12.1304875,2.111944,4.5334867,10.504885,342.754002,110.548017,366.542157,11.496521,27.375229,7.057383
7119,-9.9341992,5.117902,5.0671788,10.703575,305.644816,79.548189,303.969158,12.491575,33.641198,7.030944
7118,1.588925,10.839177,6.260656,10.809432,257.894245,43.181484,206.027179,13.042259,35.13673,6.574848
7117,5.5346261,15.559928,6.164381199999999,10.85137,204.559447,35.134328,181.647139,12.652972,34.544692,4.982752
7040,-8.3246066,4.201961,4.9598641,10.545883,310.436481,115.508854,365.304766,12.034189,51.670165,6.440203
7039,-12.804067800000002,1.963501,4.3098964,10.421657,346.531473,124.107916,391.646082,11.481276,30.350368,6.824114
7038,-11.4623279,2.585229,4.8093617,10.574306,333.982311,93.953831,331.630362,11.697477,28.187262,7.097676
7037,-8.179684,6.951018,5.5571885000000005,10.751101,291.071257,62.385185,258.496838,12.630511,33.139512,7.0548
7036,4.3788193,13.516229,6.4352841,10.828413,238.589138,36.05325,183.392191,12.873936,34.648573,6.099565
7035,5.0643681,14.202044,6.2056578,10.900404,205.903116,33.764719,171.335429,11.612034,32.350741,4.929793
6959,-4.8266100000000005,6.744954,5.8829416000000005,10.898465,261.054625,93.18728,303.214072,12.173121,59.474749,6.88339
6958,-12.3589575,2.564061,4.264303,10.363515,338.412635,128.568532,401.87136,11.662371,39.760776,6.637713
6957,-12.6360581,1.815979,4.5322086,10.441262,348.226945,111.42513,360.934651,11.333215,26.381826,6.946093
6956,-10.6507369,3.670006,5.1100853,10.593203,323.180905,79.021827,296.848464,12.029162,29.253921,6.947967
6955,-5.8729847,9.798167,6.013321599999999,10.798415,269.704673,48.077455,217.676719,12.760232,34.510846,6.863363
6954,4.8868786,14.229373,6.4862725,10.857413,229.171218,31.973765,168.114839,12.000262,33.075148,5.756463
6878,-8.974548500000001,4.301152,4.850016800000001,10.524495,309.552452,113.976932,363.012499,11.945837,53.817292,6.832483
6877,-13.3316893,2.040143,4.2659608,10.35923,346.505001,123.789277,388.164223,11.481621,34.209743,6.881255
6876,-12.3860218,2.257225,4.7318596,10.503434,340.616962,97.045371,331.786075,11.481328,25.896189,7.064603
6875,-9.0420339,5.290485,5.6091583,10.669277,305.130828,61.557954,251.50837,12.346182,31.67663,7.056691
6874,-1.7763221000000002,11.689164,6.3300097,10.796419,257.822535,38.536387,188.168028,12.206866,33.101368,6.410518
6873,3.4945464,15.382029,6.3636255,10.858404,220.570037,32.211057,162.793052,11.273454,31.451458,5.106258
6797,-5.4634965,6.424765,6.0775591,10.863468,263.816669,85.360399,279.028369,12.09738,61.654302,7.397018
6796,-12.6464026,2.999226,4.2574768,10.364729,330.690517,125.383518,393.574043,11.744048,45.978801,6.839238
6795,-13.0958471,1.771595,4.51806,10.366728,349.380348,111.718946,355.461956,11.219945,27.651724,7.122429
6794,-11.4201381,2.624422,5.0932206,10.5073,333.68171,80.039693,292.99938,11.702827,26.994434,7.070439
6793,-7.995828,7.309119,5.9929328,10.678531,289.416282,48.705404,215.539119,12.225441,31.955729,7.015833
6792,3.5184247,14.542827,6.836863800000001,10.824299,241.250323,28.132987,152.393613,11.65254,32.050572,5.945267
6791,-3.0136584,13.871881,5.5883762,10.88792,221.838326,42.007952,188.792493,10.325088,29.15031,4.885016
6715,-9.1174256,4.586388,4.8753896,10.523044,301.696708,109.277928,350.318095,12.019632,59.680009,7.031461
6714,-13.3694812,1.949609,4.3168438,10.296731,347.963708,120.220616,375.893096,11.338097,34.543076,7.152767
6713,-13.253415899999998,1.684988,4.6387815,10.375907,349.929064,100.417683,332.377443,11.237711,24.09454,7.124885
6712,-10.1883574,4.663983,5.5210018,10.563792,312.793841,63.760001,252.087668,12.009547,29.989008,6.981009
6711,-7.0975129,10.350034,6.3174185000000005,10.74058,267.079482,38.931929,185.765707,11.954608,32.437078,6.742577
6710,-2.5264575,14.210043,6.2314764,10.804589,235.27276,34.687975,168.069934,10.941733,30.301065,5.591798
6709,2.4920855,12.979894,6.0977719,10.870671,221.529062,29.05288,151.143765,9.38596,26.678702,4.11463
6635,-6.3574926,7.079516,6.235037,11.011929,250.665937,78.434449,257.387978,12.052771,62.504157,7.889828
6634,-11.8135815,3.176784,4.5167074,10.352329,327.557033,115.552587,365.170996,11.798454,49.72252,7.002847
6633,-13.352541400000002,1.660573,4.5237202000000005,10.299848,351.70015,110.27083,347.647157,11.227715,28.69757,7.19787
6632,-12.6231729,2.393879,4.9196798,10.43581,338.267205,84.7717,298.398834,11.584242,26.326351,7.136802
6631,-9.3945342,5.842933,5.863178,10.607052,298.475947,51.453477,218.789419,11.954001,31.745028,6.928831
6630,-1.7449661,12.468825,6.7042284,10.739004,255.254047,30.092921,156.142026,11.349021,31.10519,6.113091
6629,0.3697163,16.353519,6.3234643,10.795575,229.64533,30.683594,148.957137,9.952654,27.864965,4.795383
6553,-8.059079,4.894606,5.2676249,10.628211,291.735381,96.95273,312.630739,12.061179,60.950869,7.322303
6552,-12.926761,2.234085,4.487261500000001,10.265359,343.093199,113.479943,355.316883,11.47222,40.698493,7.068595
6551,-13.662321,1.643003,4.6211115,10.300214,350.858574,101.035913,326.515895,11.285807,25.730592,7.257061
6550,-11.7435185,3.059451,5.2695393,10.44929,328.120023,69.392451,261.664473,11.612216,28.200077,6.871663
6549,-7.9763268,8.903703,6.3483971,10.652084,280.607438,38.430445,180.190406,11.533776,31.029132,6.506857
6548,2.3687189,16.203376,7.2721815,10.754904,238.907606,20.774837,120.967407,10.457615,28.41673,5.788067
6547,4.3511851,15.264941,6.476024700000001,10.797664,231.884222,22.065465,122.587359,9.324959,25.623896,4.521387
6472,-8.020282,6.367361,6.3532272,11.017001,251.967632,72.631953,239.054823,12.016152,59.899811,8.03939
6471,-10.3224946,3.43964,4.9200533,10.351908,322.725062,102.463978,325.90087,12.06276,57.850255,7.030195
6470,-13.3296486,1.754969,4.594633,10.239459,350.251066,106.512942,334.882771,11.35644,32.927186,7.317928
6469,-13.2849338,2.031818,4.8560692,10.362869,344.599689,86.736206,296.565517,11.302075,24.757779,7.109723
6468,-11.0046695,5.412623,5.5895268,10.535828,305.230585,56.753887,228.774084,11.524164,30.54849,6.56699
6467,1.3052637,12.835881,7.2564487,10.707058,255.644506,22.503518,127.831615,11.03343,30.109174,6.281712
6466,5.2125412,16.091432,7.305586700000001,10.719886,237.931472,17.04441,101.143053,9.964102,27.325854,5.385947
6465,3.4265014000000003,13.879792,6.1105567,10.77392,233.253635,22.201692,124.517762,8.602309,23.231162,3.777149
6391,-6.917277199999999,5.347912,5.7322644,10.627696,278.447338,83.343949,270.224055,12.173923,64.83828,7.081568
6390,-11.5219951,2.311963,4.869923,10.230691,340.637707,101.260904,318.789159,11.626734,42.862367,7.119794
6389,-14.2549703,1.446483,4.5441513,10.2357,353.929397,102.626285,325.053845,11.106293,24.316562,7.569534
6388,-12.1089608,2.885727,5.2727197,10.392687,331.871282,69.241133,255.253759,11.244765,27.215854,6.846796
6387,-8.9898743,7.948919,6.2554065,10.614263,282.434721,39.575728,179.492047,11.37362,31.921237,6.494531
6386,5.8690561,14.241701,7.9710323,10.675664,252.204549,12.822562,90.92301,10.45952,29.167968,5.978317
6385,2.8684106,19.077731,6.4226128000000005,10.707371,233.161339,21.522727,113.656465,9.605552,25.144987,4.507097
6309,-8.2929243,3.564625,5.4562469,10.386596,315.476209,87.446918,279.8459,11.91226,53.937427,7.122834
6308,-13.119471100000002,1.615614,4.6971775,10.188172,352.263315,101.595302,319.301153,11.489531,32.434372,7.374329
6307,-13.5170811,1.69965,4.8682397,10.257194,349.147594,86.395393,288.961443,11.016072,24.172128,7.204867
6306,-10.9144054,4.318952,5.6992767,10.474445,313.409056,54.087491,216.312921,11.271342,30.829311,6.291081
6305,-2.6348359,10.17422,7.025034100000001,10.608326,273.89281,24.578311,131.355993,10.879626,30.695148,6.382033
6304,4.9117117,19.54381,7.505410100000001,10.675742,231.191608,13.919245,89.09078,9.325282,24.988567,5.904282
6303,5.0406663,14.341029,6.2698644,10.753208,239.718614,17.318416,100.112039,8.363291,22.022029,3.914712
6228,-6.4550468,5.035966,6.3118203,10.731621,282.470023,68.158551,223.2035,11.890773,58.279137,7.624882
6227,-11.4468534,2.381274,4.9402675,10.249637,341.704812,96.294687,304.871603,11.826725,48.196681,6.766332
6226,-13.875420600000002,1.376695,4.687314,10.171518,355.175107,97.456545,307.3948,11.009588,26.064428,7.479068
6225,-12.3103941,2.273769,5.2879891,10.362927,340.987241,68.74263,248.001124,10.9681,26.734041,6.689415
6224,-9.9105528,6.030713,6.0829847,10.499244,301.145041,41.8117,182.017827,11.146396,30.915586,6.438348
6223,3.6587412,14.805624,7.583842799999999,10.665263,246.411511,15.288082,96.953836,9.925888,28.04087,6.011566
6222,5.414585499999999,16.560253,6.797431400000001,10.669028,234.987225,15.271136,87.495957,8.922848,23.733006,4.553102
6147,-7.5978481,3.917312,5.6813969,10.253696,309.380742,79.161535,255.171678,12.089883,62.48849,6.995044
6146,-13.158195799999998,1.777761,4.7400255,10.150866,348.523528,97.998259,308.056116,11.264166,34.541164,7.38191
6145,-13.2301436,1.405716,4.9918763,10.142853,353.865706,82.984644,273.964896,10.795757,21.582154,7.357573
6144,-11.7779732,3.927236,5.5326464,10.397928,320.78209,57.100055,219.63604,11.010166,29.313,6.462751
6143,-7.1265296000000005,8.373164,6.7016727000000005,10.552194,275.352193,27.667301,138.26911,11.232663,33.928778,7.021639
6142,5.8629067,15.87646,7.5402834,10.599117,239.879766,12.046726,80.94801,9.549626,26.945637,5.391196
6141,5.0492928,16.769938,6.2065991,10.579182,232.856544,15.070184,85.012787,8.572622,22.491579,3.964125
6066,-8.1303994,5.429301,6.1376957,10.642035,272.24663,68.150977,224.071928,11.68868,59.961994,7.839227
6065,-10.6406264,2.369286,5.1818937,10.16663,337.043813,87.50581,279.2636,11.490561,42.506023,7.334772
6064,-13.2488034,1.101936,4.8859083,10.09336,357.740328,90.709792,286.335766,10.464611,21.460544,7.891736
6063,-12.919411299999998,2.084068,5.1842634,10.255949,341.54124,70.827199,247.935088,10.737568,25.76572,6.889321
6062,-10.0124416,4.220955,6.0701142,10.474483,307.813045,41.411575,176.563821,11.381362,34.761687,6.225932
6061,-3.6191026,12.728112,6.8623691,10.546775,257.199862,21.763876,117.011202,10.193994,30.822337,5.980072
6060,5.7590343,18.076959,6.8378283,10.58113,230.204164,13.206292,78.361642,9.071311,24.705998,5.149925
5984,-7.8081277,3.48682,5.6965579,10.291918,314.472245,75.11575,244.210854,11.473778,50.643386,7.521224
5983,-12.6139683,1.309355,4.9199280000000005,10.104983,355.375349,90.871723,287.440435,11.012102,29.721413,7.636563
5982,-13.586392,1.237492,4.9556397,10.14843,353.604214,83.429748,269.613313,10.484198,23.124717,7.399338
5981,-12.359354,2.337947,5.4225743,10.327943,336.160816,58.943072,219.865003,10.976126,29.387707,5.932225
5980,-8.2838087,8.378278,6.5562244000000005,10.474351,283.349384,28.720059,138.297455,10.648487,32.77016,6.256127
5979,2.32047,14.42749,6.9676706,10.525894,244.581825,16.102957,93.764014,9.716412,29.21504,5.737998
5904,-9.5555806,5.096207,5.8078539,10.533511,287.693979,70.632476,233.959092,11.090728,53.651601,7.998673
5903,-10.9083887,2.015564,5.1757569,10.073773,342.784674,83.879481,270.353751,11.334814,43.169563,7.490023
5902,-13.8496646,1.084243,4.7877543000000005,10.097723,356.414596,90.610078,285.123459,10.457522,24.004059,7.701268
5901,-13.838625400000002,1.254456,5.0060086,10.195495,353.808424,74.668054,252.87642,10.312345,23.490692,6.820793
5900,-10.8773227,4.741607,5.860382899999999,10.382919,311.897376,44.573829,181.733285,10.779153,31.524925,6.269575
5899,-4.5541856,8.959149,6.6989008,10.433167,272.918567,22.542279,117.14018,10.533489,35.448388,6.427149
5823,-10.5546901,6.679094,6.2435604,10.827447,262.92604,60.132648,203.314133,10.495767,51.497206,8.593536
5822,-9.876948,3.568238,5.2939142,10.17877,314.456494,79.354275,260.946811,11.014498,50.28211,7.822995
5821,-13.8049569,1.18293,4.6877539,10.050371,354.196505,92.131904,294.422232,10.452552,27.941326,7.988402
5820,-14.5239536,0.687419,4.7699207,10.047177,359.654545,86.760519,274.568872,10.00358,19.83298,7.696523
5819,-13.7103677,2.451799,5.1267988,10.281076,335.3394,64.889467,231.504439,10.603851,27.7833,6.466241
5818,-9.4996487,4.529099,6.2200539,10.37951,306.892152,33.192748,148.926331,10.834782,35.426772,6.251333
5817,0.8910722,12.674183,6.7371139,10.471116,255.018006,17.529943,97.270354,9.736536,31.190468,5.867038
5815,-2.8229016,11.240649,5.2433037,10.811056,257.509273,19.786425,99.292716,7.895966,21.126646,4.005872
5742,-7.9719938,7.574194,6.652883900000001,11.054769,244.423482,50.172819,175.140033,9.968627,47.187603,9.032433
5741,-10.3695169,4.989737,5.6349027,10.306452,292.416987,70.301796,235.912892,10.313416,50.593779,8.334898
5740,-12.266458,1.579587,4.9251589000000005,10.03125,346.161791,85.297312,278.425123,10.343301,34.207061,8.084567
5739,-14.8985927,0.544093,4.5885455,10.022044,360.937211,91.85003,290.839362,9.695969,19.269728,8.34429
5738,-14.6987938,1.247653,4.841544900000001,10.199659,350.713016,78.075442,257.12467,10.136155,23.10816,6.761724
5737,-12.8370527,2.349798,5.3889198,10.312654,335.28973,52.920566,201.671814,10.567876,29.180552,6.27109
5736,-10.1949269,8.509376,5.9446088,10.434989,281.889476,32.432591,146.07053,10.272514,33.570147,6.291191
5735,4.920458699999999,15.588249,6.5911991,10.472971,238.86543,14.326865,82.727619,9.209144,28.247708,5.822247
5734,-4.6494465,14.323521,5.0550185,10.529506,244.646712,22.694606,106.465208,8.775878,24.974973,4.853618
5661,-10.2940664,6.726585,6.3654533,10.549633,275.394513,54.80433,188.770291,9.75972,49.076653,8.696743
5660,-12.095416,2.551324,4.8426571,10.054298,333.781304,84.526191,282.234922,10.069202,40.135813,8.147455
5659,-14.7686037,0.735797,4.5119872,10.057491,358.114019,92.043294,297.939893,9.839435,24.280625,8.450704
5658,-15.3587499,0.690781,4.613345499999999,10.135536,358.37743,88.332461,277.769847,9.671266,19.632242,7.273457
5657,-14.7392517,1.260559,4.9117167,10.238062,352.464053,69.163091,238.783042,10.177097,22.773903,6.444545
5656,-11.7556161,4.744608,5.6542541,10.379027,311.549226,41.900571,171.881477,10.527818,32.317234,6.316058
5655,-3.8141576,10.234831,6.3611998,10.460133,267.315495,21.180109,108.353633,10.05968,34.019864,6.282517
5653,-6.768591499999999,13.402746,4.7403373,10.690999,253.104329,25.29566,115.882447,8.564271,23.235176,4.676265
5580,-8.470908900000001,7.666781,5.9592998,10.733495,263.075206,57.702326,211.354083,9.693222,46.979697,8.800318
5579,-10.8966337,3.93662,5.1177077,10.102832,319.446997,76.328282,262.0043,9.850452,44.630052,8.230045
5578,-13.9390702,1.04667,4.5985736,9.990105,353.032805,88.312474,292.4008,9.499667,29.725062,8.319554
5577,-15.951349400000002,0.377535,4.3897233,10.084822,361.181976,92.632197,296.926891,9.282453,18.610986,7.776733
5576,-15.4185374,0.626278,4.709148600000001,10.179208,359.583159,80.508616,259.420077,9.599974,18.280482,6.696679
5575,-14.1427577,2.406129,5.0992173,10.321745,335.71527,58.301796,213.053076,10.39223,27.953781,6.465068
5574,-10.9265857,5.822388,5.7774182000000005,10.428102,299.154785,34.258828,149.415426,10.531049,35.553607,6.442375
5573,1.2559613,11.915124,6.3062617,10.412489,261.610947,17.046099,91.534411,9.982782,33.045113,6.15318
5572,-4.4229987,15.714943,5.1639792,10.41752,245.032022,20.665959,99.775541,9.365829,27.388364,5.434912
5498,-10.1893133,6.186028,5.047833,10.337388,296.25092,73.979384,264.861851,9.838771,49.196734,8.375741
5497,-13.5760591,1.721854,4.5615994,10.066235,345.813126,86.431079,293.98195,9.147486,34.023437,8.224506
5496,-16.0924957,0.24836,4.2642771,10.058239,361.60469,93.846333,307.825142,8.938726,19.536193,8.069176
5495,-16.148728900000002,0.199208,4.4748217,10.171166,361.974027,88.401474,280.369838,8.88159,15.937115,7.26981
5494,-15.429701,1.132402,4.7874932,10.270789,351.466504,71.525963,241.291893,9.928413,22.33717,6.530193
5493,-13.3352001,2.411477,5.2854732,10.381283,334.37728,48.130239,186.916584,10.499188,30.400749,6.428016
5492,-9.9983818,7.858279,5.7895569,10.43132,287.422325,28.561239,130.690185,10.391972,35.104424,6.438062
5491,-1.4063247,14.355933,5.6781785,10.314213,251.407164,18.552813,94.240824,10.259208,32.668938,6.023756
5490,-6.2086629,12.547231,4.8161623,10.607507,256.965208,22.620031,106.538951,9.269722,27.16211,5.219176
5418,-7.897442,7.462697,5.2601797,10.489823,277.023147,65.735704,251.319854,9.980295,49.327904,8.349378
5417,-13.855027000000002,2.964463,4.3474219,10.121592,334.378868,87.61929,308.457679,9.611738,41.347557,7.959423
5416,-16.0454895,0.269701,4.1655385,10.051058,361.162259,93.630534,315.205929,8.770167,22.015684,8.082811
5415,-17.0719633,-0.10155,4.1775197,10.102884,362.866342,93.665162,304.184635,8.507091,15.646158,7.535718
5414,-16.1901896,0.452117,4.5677385,10.218087,359.308384,82.465611,262.3041,9.306899,17.790879,6.740236
5413,-15.0578788,1.180449,4.9167934,10.314139,352.387457,61.644519,218.930949,10.136421,23.370865,6.517957
5412,-12.9793539,4.221339,5.297586,10.419433,316.029111,41.708687,169.468284,10.494723,33.525858,6.457877
5411,-4.4978266,9.802298,5.9799677,10.425619,271.778858,20.47951,102.464003,10.685443,36.913972,6.613081
5410,-6.8870464,12.445002,4.882206500000001,10.443156,258.710715,24.591785,113.170552,10.142772,31.97982,5.84481
5337,-4.9517428,7.096361,5.5918788,10.665095,263.319174,55.248214,231.739114,10.722955,52.343196,8.34682
5336,-14.49916,4.135088,4.0004194,10.204998,319.846382,90.978407,333.892633,10.289709,48.139799,7.951322
5335,-15.9615667,0.697458,4.0542968,10.07115,356.006008,93.068975,323.156386,9.118022,28.893798,7.993098
5334,-17.2252583,-0.30468,4.0536007,10.079792,363.062169,94.604657,315.126665,8.280597,16.395277,7.779806
5333,-16.933681200000002,-0.069856,4.3412735,10.167478,362.455827,88.024248,282.801513,8.711171,15.115431,7.001924
5332,-16.053704500000002,0.44349,4.6795932,10.250994,360.140144,73.193944,242.46582,9.50471,18.027823,6.823744
5331,-14.9057268,2.021431,4.9479916,10.377348,339.224499,54.368406,201.777022,10.247186,28.646508,6.540462
5330,-11.020585,5.085577,5.5826096,10.439335,302.05604,31.184147,137.507857,10.812877,38.54921,6.195964
5329,-0.4430958,10.309178,5.8808011,10.403545,271.573723,17.106805,89.079316,10.788524,36.470731,6.259452
5255,-11.5692256,5.137992,4.432608,10.353955,300.048479,77.466145,304.108113,10.72339,52.991671,7.99009
5254,-16.0556897,1.534005,3.861908300000001,10.13502,351.027595,93.566361,337.418389,9.743718,37.036613,7.770765
5253,-17.1891315,-0.238903,3.9503625,10.079404,362.636863,94.370519,323.607349,8.451379,18.991843,7.874864
5252,-17.4787513,-0.481005,4.1389434000000005,10.129693,363.591509,91.120097,300.224778,8.207224,13.691742,7.239956
5251,-16.7752901,-0.113841,4.4791037000000005,10.196001,362.862366,82.316839,262.154562,8.764777,14.698151,6.838689
5250,-15.9993563,0.89606,4.7370274000000006,10.316155,353.805002,65.000427,225.135887,9.805956,22.49587,6.697272
5249,-14.0722728,2.754597,5.0763514,10.437616,330.538559,45.382847,177.977081,10.566808,34.001944,6.601539
5248,-9.7015019,6.338176,5.5899787000000005,10.452665,299.053544,25.355509,117.98733,11.010519,38.258568,6.4273
5246,-4.8843541,8.97082,5.0347075,10.623332,268.043818,15.817518,85.975108,9.422562,30.258514,5.37025
5175,-5.960127,5.498519,5.22035,10.515376,276.348188,57.836375,253.318973,10.974672,53.130898,8.002392
5174,-15.0921353,2.641742,3.8896027,10.188615,337.096644,88.850334,336.948717,10.840183,47.252941,7.635505
5173,-16.9706275,0.06845,3.8575748,10.109228,361.078532,93.192643,331.075191,9.198086,24.717108,7.642207
5172,-17.7706047,-0.774271,3.9769422,10.107789,364.0938,92.593248,313.717912,8.02975,13.258577,7.371893
5171,-17.3628437,-0.617491,4.2917185,10.145687,363.918873,85.921276,279.898783,8.248128,12.954428,7.026503
5170,-16.6939456,0.17705,4.571934199999999,10.261884,360.709434,74.728461,243.855989,9.228618,17.413254,6.829429
5169,-15.7701117,1.295906,4.7925981,10.365728,349.590448,57.1178,206.954036,10.045301,26.420443,6.487147
5168,-12.8842425,2.743814,5.2000605,10.453426,329.891043,37.008953,153.795884,10.815881,34.748408,6.45091
5167,-9.2380333,5.497121,5.1490779,10.507305,300.495651,26.050139,118.60898,11.458597,41.368519,6.415107
5165,-5.2240842,8.819958,5.018898200000001,10.839936,271.90274,14.223252,82.841913,8.563259,27.340265,4.908092
5093,-11.2347102,3.61716,4.5224778,10.252169,317.766337,71.160041,294.289867,11.836974,61.936331,7.555224
5092,-16.4753127,1.237243,3.8036943,10.166372,348.590563,90.635457,336.736499,10.239795,37.735221,7.623503
5091,-17.8845815,-0.754769,3.8324763,10.096777,363.927207,93.025194,325.750835,8.370499,15.709379,7.528574
5090,-17.9445365,-0.977147,4.0833639,10.115042,364.339818,88.889286,297.625461,7.89787,12.101922,7.212124
5089,-17.3492515,-0.415175,4.4029362,10.209068,363.302171,81.435019,262.063732,8.668708,14.154385,6.924593
5088,-16.7099652,0.312306,4.620822,10.298219,359.808818,66.949148,227.882186,9.442014,19.227654,6.823932
5087,-15.8337496,1.298254,4.719925,10.415676,347.856232,51.917602,194.720115,10.305967,28.561273,6.561855
5086,-12.1145346,2.975416,5.1309656,10.529037,325.927455,31.979431,138.07098,11.457708,39.944928,6.567722
5085,-7.824807300000001,5.738683,5.0046247,10.509057,300.439746,23.003892,108.334271,11.18049,39.34196,6.561256
5084,-6.5809316,9.133344,4.7480105,10.600878,274.113311,19.013169,95.954928,9.60546,32.538668,5.645764
5012,-2.4948987,5.256124,5.5768202,10.248146,270.383767,47.626223,228.734999,11.427523,61.754807,7.891664
5011,-14.1691194,2.749292,4.1253996,10.24246,328.865196,79.580139,315.887108,10.740372,46.972927,7.727718
5010,-17.5603462,-0.409593,3.7731449,10.137206,362.769735,91.146217,332.467607,9.215787,21.131178,7.412283
5009,-18.3744296,-1.216431,3.8849448,10.113093,364.56241,90.89441,313.961202,7.915707,12.034537,7.172776
5008,-17.9292168,-0.936746,4.2145806,10.181948,364.252366,84.493678,279.380226,8.171388,12.140165,6.975685
5007,-17.4450617,-0.435136,4.4569299,10.259209,363.570702,76.349178,246.74348,8.795664,14.266194,7.04134
5006,-16.907159,0.461521,4.5764068,10.362084,358.075722,61.086754,215.728476,9.727083,21.8932,6.741645
5005,-15.3872167,1.568802,4.696365200000001,10.515615,346.626111,45.656577,178.022045,10.973797,33.719977,6.550332
5004,-12.877882,3.491648,4.6532463,10.544652,321.995591,33.370961,141.845652,11.327217,38.937106,6.64055
5003,-9.9581756,6.508939,4.456368899999999,10.503943,293.347169,26.319674,119.379191,10.698502,37.858979,6.369891
5002,-4.5032753,9.394715,5.021479,10.600599,276.445868,13.393982,79.624062,9.472634,32.394987,5.961161
4931,-9.2874526,4.364638,4.7995515,10.326806,301.674405,61.556872,272.460823,10.679555,51.604325,7.969279
4930,-16.4650854,0.589789,3.8368789,10.195073,355.509954,85.81097,329.717266,10.25899,32.707228,7.56981
4929,-18.4477429,-0.9166,3.747858,10.121216,363.752672,91.00587,326.10959,8.548051,16.503167,7.283181
4928,-18.4941442,-1.355658,4.0101208,10.147775,364.688203,87.143406,296.933791,7.805985,10.938759,6.977407
4927,-18.0990055,-0.91103,4.2781754,10.227208,364.282831,81.113833,264.686963,8.359467,12.29117,6.959625
4926,-17.743399,-0.220162,4.4387104,10.326852,362.467269,70.364558,235.004565,9.199625,16.784359,6.795816
4925,-16.8471924,0.645327,4.5464628,10.390294,357.605021,54.94669,201.493563,10.298779,24.853049,6.580087
4924,-14.8067065,1.889597,4.6241301,10.541631,340.397517,40.341566,162.668118,11.10049,34.889138,6.81164
4923,-12.4992359,3.758306,4.3963161,10.596766,320.752634,31.59517,136.899676,11.139193,39.502392,6.706465
4922,-8.5544742,6.836188,4.621590599999999,10.547201,296.353845,21.230834,103.031814,10.173818,35.694192,6.518805
4850,-2.4462755,5.669284,5.4891183,10.468386,274.328077,45.412102,231.848134,10.144569,49.717191,8.27239
4849,-14.4364239,2.341285,4.0866291,10.280286,338.256191,76.375834,314.572734,10.530877,44.648426,7.620017
4848,-18.6296751,-0.222341,3.5531901,10.182121,359.389141,91.850415,342.945243,9.158491,22.6636,7.427132
4847,-18.9242713,-1.568838,3.8098594,10.113842,364.80892,89.01983,313.904072,7.701459,10.852801,6.971541
4846,-18.6823739,-1.403381,4.0957388,10.201856,364.707142,83.898528,281.843641,7.898505,10.865033,6.907853
4845,-18.4794035,-0.800735,4.2740467,10.304035,364.009637,78.56606,253.629496,8.764132,13.623751,6.884806
4844,-17.8403059,-0.059884,4.4276136,10.388926,362.070612,63.892903,221.545336,9.595018,18.797234,6.797207
4843,-16.525089,0.874531,4.5137508,10.499259,352.890561,48.85369,185.99337,10.652203,28.694181,6.880699
4842,-14.9234238,1.951465,4.3494842,10.619991,340.899812,38.800572,158.108145,10.956556,35.314803,6.940443
4841,-13.2297184,4.108666,4.1503786,10.594932,320.270066,31.777427,138.02531,10.466112,35.576036,6.942612
4840,-8.137928800000001,7.525534,4.6889529,10.540557,290.112606,18.140319,93.720433,9.853009,33.816915,6.587597
4768,-8.173973499999999,4.518059,4.7559906,10.363723,306.412299,59.00942,272.709195,9.890789,47.587629,8.177863
4767,-16.4131194,1.091261,3.8770683,10.25727,350.03775,81.050351,322.310623,9.599842,30.189827,7.673897
4766,-18.904125,-1.450978,3.6937419,10.097985,364.671751,88.626151,325.322538,8.056586,12.443941,6.984161
4765,-19.2053865,-1.763522,3.8951446,10.15582,364.88633,86.219384,299.234917,7.587615,10.021484,6.834762
4764,-19.0511093,-1.336618,4.1211692,10.287188,364.606477,81.665882,270.304921,8.317758,11.616296,6.818141
4763,-18.6125429,-0.674662,4.2965434,10.37133,363.795528,72.728655,239.748083,9.109851,15.06525,6.82605
4762,-17.6922607,0.098973,4.4234601,10.449776,359.829883,57.118815,206.037616,10.093203,22.47503,6.999225
4761,-16.5120372,0.970657,4.3539842,10.533787,352.978673,45.45078,176.920949,10.644122,29.637092,7.050504
4760,-15.5150928,1.656015,4.0958068,10.602508,345.018875,38.883894,159.595645,10.369299,31.038644,7.17201
4759,-11.6069174,4.069016,4.3910005,10.569263,320.707442,25.513804,117.492728,10.123803,33.184888,7.042068
4758,-7.856482699999999,7.940357,4.6019624,10.544911,285.833525,17.493498,92.947751,9.746334,31.751632,6.191516
4688,-2.0954149,6.394582,5.5750006,10.426479,277.985918,41.320358,223.755491,9.323576,43.832188,8.591179
4687,-10.862211,2.671229,4.6047927,10.328111,335.12337,62.559144,276.058562,9.64551,36.401256,7.963439
4686,-18.2829465,-0.754746,3.6623713,10.153033,363.253728,85.52511,329.423308,8.808649,18.841022,7.264102
4685,-19.4027075,-1.69611,3.7465618,10.114274,364.800246,86.865384,312.980048,7.633149,10.976047,6.885166
4684,-19.4667567,-1.78034,3.9692503,10.234016,364.865416,83.485621,285.08304,7.839775,10.224268,6.797619
4683,-19.33175,-1.218306,4.1396335,10.342339,364.518514,79.096658,257.858152,8.630678,12.494939,6.737722
4682,-18.5545542,-0.68964,4.328671,10.429764,363.198205,65.333011,224.001418,9.425943,16.897059,6.891358
4681,-17.7767418,-0.021312,4.318662,10.489287,361.46628,52.668918,195.588061,10.130998,22.194499,7.330348
4680,-17.0894362,0.831995,4.1267099,10.567738,355.702281,45.47799,176.91428,10.086018,25.972229,7.347972
4679,-14.8299723,2.039892,4.1266095,10.627825,341.252261,34.646707,146.823347,9.920286,29.022163,7.479815
4678,-12.7088904,5.105101,4.0945772,10.545328,309.98939,27.363756,124.162328,9.876468,31.598529,6.890058
4677,-6.3993035,8.02226,4.7487696,10.641101,278.447559,14.262923,83.791122,9.685632,30.395,5.357141
4606,-4.7934491,4.397535,5.179066300000001,10.353489,316.888347,48.840399,242.147425,9.411934,38.966515,8.20259
4605,-16.3048337,0.335577,3.939056200000001,10.304046,358.11239,76.263,313.472343,9.293699,26.264508,7.596382
4604,-19.2862916,-1.38519,3.6392397,10.144803,364.308478,86.08882,323.776938,7.960496,13.298609,6.913931
4603,-19.8070446,-2.071833,3.8110542,10.168882,364.954101,84.828963,300.042233,7.389138,9.265626,6.760728
4602,-19.7911366,-1.725924,4.0073963,10.291223,364.817184,81.175861,272.635854,8.214862,10.812682,6.631246
4601,-19.2530339,-1.46108,4.2078467,10.401185,364.59572,73.462991,240.897056,8.868981,12.9311,6.680423
4600,-18.6676312,-0.777972,4.2778863000000005,10.488235,363.739409,59.933989,212.349721,9.62183,17.47159,7.335346
4599,-18.2690172,0.055298,4.1567167,10.528041,361.079644,51.572703,193.077003,9.827538,21.42779,7.453067
4598,-16.750474399999998,1.013258,4.1165682,10.569408,354.040178,41.673248,166.198901,9.687981,24.245975,7.438453
4597,-14.9089013,2.326671,4.0142696,10.580504,337.706985,33.143284,142.81531,9.679947,27.15926,7.265944
4596,-13.139087,5.82133,3.9675317,10.492901,300.479963,27.134661,123.884893,10.018924,31.999158,6.530965
4595,-3.131436,7.738813,5.1562833,10.618359,276.393203,9.407222,68.06336,10.096136,30.820206,5.009268
4525,-6.1665918,5.627356,4.6646526,10.384375,296.440946,56.823739,272.556266,9.144229,38.89624,8.399036
4524,-12.5342381,1.674207,4.2604801000000005,10.37309,348.301918,66.638136,294.452227,9.507185,31.750914,7.777643
4523,-18.8965335,-0.733001,3.5782081,10.206336,363.015411,84.194182,331.584495,8.460414,17.564632,7.116377
4522,-19.8176791,-2.095887,3.7042701,10.122208,364.955469,84.50223,311.082804,7.162258,9.124133,6.762363
4521,-20.1820127,-2.116686,3.8611498,10.242026,364.940834,82.802776,287.392046,7.667967,9.537804,6.71202
4520,-19.9143276,-1.927672,4.068834600000001,10.368262,364.844737,78.133585,257.994744,8.488117,11.143482,6.393448
4519,-19.3977378,-1.478269,4.2062186,10.431641,364.635365,67.521117,228.527636,9.079692,14.012641,6.989057
4518,-19.3150991,-0.854954,4.1236526,10.491502,363.763173,58.871283,210.670415,9.468741,17.338735,7.344078
4517,-18.4158652,0.121928,4.0783484,10.506034,361.136437,49.283771,186.917348,9.481813,19.522265,7.552657
4516,-16.3108757,1.268677,4.1120589,10.568889,351.260966,37.6993,155.268369,9.431694,22.708857,7.29197
4515,-15.9079003,2.955321,3.734021,10.558232,329.747442,34.66667,148.593342,9.802446,28.329128,6.932282
4514,-11.3733058,5.801978,4.3161856,10.487982,295.639352,20.366814,102.865477,10.446166,32.834405,6.031183
4445,-2.274725,5.958355,5.5390403,10.435445,283.219351,46.035254,226.918241,9.107198,38.655994,8.502471
4444,-14.3740911,3.219526,3.881003900000001,10.358226,331.300223,72.242464,319.675371,9.543512,34.546636,7.896993
4443,-17.8474916,0.183655,3.6370992,10.31496,359.878764,79.677995,329.555884,9.017162,22.951463,7.332993
4442,-19.6330307,-1.750162,3.6055256,10.132875,364.765451,83.579155,321.334137,7.526818,10.954141,6.734495
4441,-20.2883597,-2.270207,3.7572418,10.177443,364.96742,82.977419,299.095056,7.169627,8.754687,6.802975
4440,-20.3762697,-2.318824,3.938262,10.323076,364.952011,80.056428,272.821864,8.025007,9.67162,6.314521
4439,-20.0614168,-1.963261,4.0957601,10.416068,364.8546,74.746203,244.714768,8.702226,11.897121,6.514036
4438,-19.9830068,-1.692842,4.0926971000000005,10.479755,364.725169,65.612192,225.212212,8.904997,13.702503,6.984488
4437,-19.6228124,-0.798862,4.0425683,10.521053,363.931703,56.585128,205.234361,9.250647,16.579298,7.310576
4436,-17.9267975,0.313684,4.1112327,10.513969,359.742906,44.503436,173.447532,9.306761,19.126613,7.314568
4435,-17.298508,1.606756,3.8143269,10.54228,346.991645,39.037058,160.973136,9.470005,23.326683,6.90371
4434,-14.600111899999998,3.688741,3.9366256,10.480306,319.022372,28.909926,130.267391,10.315624,30.441914,6.517272
4433,-7.053675699999999,6.01021,4.8740612,10.542055,287.784926,12.720888,78.937792,10.779423,33.944094,5.515326
4363,-10.6351374,4.165218,4.2988139,10.332985,318.044316,68.042856,303.198928,9.784493,35.666183,7.78105
4362,-16.9863653,1.178507,3.6558433,10.360288,354.226733,76.94418,329.237486,9.489395,27.583002,7.325648
4361,-19.2678759,-0.928497,3.5383215,10.263941,363.476549,81.985427,329.024426,8.191554,15.536691,6.90386
4360,-20.2976167,-2.100829,3.6488172,10.188711,364.907402,82.609826,310.332567,7.160317,9.260411,6.796751
4359,-20.6862905,-2.577365,3.8087478,10.278843,364.987591,81.146968,286.392951,7.417286,8.507376,6.383291
4358,-20.5639443,-2.37453,3.9810957,10.370353,364.952726,77.43432,259.453895,8.275448,10.121644,6.194104
4357,-20.6397584,-2.211614,4.0132553,10.453983,364.908589,72.914265,240.682624,8.523376,11.735367,6.582283
4356,-20.5617017,-1.566266,3.9943857,10.496984,364.629765,64.057374,222.42034,8.840036,14.149786,7.093614
4355,-19.59445,-0.658107,4.0168022,10.477682,363.498928,52.901875,195.726145,9.190213,16.825701,7.138836
4354,-17.9549203,0.805661,4.0334736,10.498521,356.585925,42.040842,167.071103,9.428427,20.124183,7.002827
4353,-16.6465823,1.868664,3.8629827,10.469675,342.990716,34.747246,148.480051,9.925214,25.128711,6.643277
4352,-12.4070257,4.08019,4.358814300000001,10.440018,311.935858,21.200379,104.974133,10.874757,32.898228,6.336351
4351,-6.5589342,5.717188,4.9915952,10.588459,287.406333,11.579699,75.65189,11.26819,36.655289,5.499395
4282,-8.9811205,4.68251,5.8966564,10.329096,306.668646,76.484399,318.893318,9.8513,37.089175,7.841014
4281,-15.221053,2.274432,3.8582941,10.364112,343.802491,72.060548,315.025842,9.884477,30.869288,7.312094
4280,-18.5950772,0.279309,3.5252236000000003,10.31653,359.111096,79.606787,331.3704,9.021935,22.374352,7.148384
4279,-20.0217099,-1.597639,3.5936543,10.223864,364.582559,81.349467,318.688014,7.528564,11.61966,6.765761
4278,-20.7987936,-2.574614,3.7021347,10.224834,364.989576,81.343674,298.308944,6.847465,7.842834,6.599414
4277,-21.0106571,-2.651904,3.8526657,10.338563,364.986566,79.216234,274.226107,7.746963,8.764477,6.040322
4276,-21.2582557,-2.606499,3.8962612,10.435376,364.972351,77.243335,256.768781,8.143427,10.059254,6.192121
4275,-21.1553683,-2.155952,3.9433276,10.478787,364.873221,70.744325,236.458435,8.434973,12.074333,6.717027
4274,-20.6797923,-1.385322,3.971419800000001,10.489433,364.459795,60.455998,213.853561,8.909184,15.003158,6.959231
4273,-19.5853787,-0.277986,3.9807354,10.464077,362.601431,49.662845,187.262483,9.298425,17.82919,7.055115
4272,-17.8106303,0.91627,3.9815844,10.436134,355.512955,38.903551,159.132023,9.566492,20.801411,6.597727
4271,-15.4294675,2.136122,4.0506247,10.422532,337.760938,29.027378,130.745025,10.471103,27.7907,6.598723
4270,-12.2400795,3.623107,4.4301752,10.412307,312.379471,18.97069,98.595361,11.742737,35.728577,6.023497
4269,-6.426800699999999,4.910849,5.0876258,10.699702,291.276477,11.376562,75.224536,11.859767,38.189419,5.100957
4266,-4.6096285,3.154204,6.05429,11.386504,317.247764,7.460834,52.276606,10.373096,23.043756,5.482469
4202,-3.9278068,4.873323,6.122027,10.375315,296.082871,58.35163,247.952833,10.074434,38.564774,7.79089
4201,-10.0952842,3.109354,5.2571135,10.345221,333.556011,75.008571,316.336066,10.470392,32.419737,6.640423
4200,-17.1902514,1.401168,3.6804834,10.373543,351.634759,74.920921,320.50549,9.421553,26.947864,7.123226
4199,-19.365062,-0.736551,3.5986554,10.311634,362.824595,78.651977,320.647253,8.159441,16.004086,6.756981
4198,-20.7719869,-2.323622,3.6006264000000003,10.260266,364.952085,80.990883,309.188473,6.818532,8.271682,6.671946
4197,-21.2178899,-2.748875,3.746638200000001,10.316914,364.994512,79.737606,286.498156,7.170313,7.925686,6.039973
4196,-21.6066068,-2.910084,3.8077739,10.424074,364.996168,78.379016,269.403672,7.616467,8.42503,5.862079
4195,-21.9002094,-2.615205,3.8130402,10.486479,364.9621,76.691298,253.70332,8.02875,10.361488,6.318294
4194,-21.3645234,-2.020938,3.910603,10.483728,364.835458,67.017193,228.120279,8.517015,12.888997,6.65094
4193,-20.9979157,-1.103034,3.8840268,10.452532,364.162109,57.988967,208.260003,9.113056,16.22893,6.791203
4192,-19.2988754,-0.021692,3.9866049,10.388719,361.75263,45.571433,176.154378,9.562921,18.793484,6.62238
4191,-16.741813200000003,1.333712,4.1244425,10.376652,351.146092,32.956548,141.759235,9.995095,23.272628,6.45873
4190,-14.768188,2.477846,4.1438748,10.38555,333.142238,25.468239,119.547532,11.375111,31.04407,6.498535
4189,-12.6863493,3.702705,4.4583413,10.454876,310.574466,17.979263,96.448875,12.405928,38.845033,5.778767
4188,-4.2333843,4.150083,5.4533355,10.748602,294.593622,9.036801,66.337612,13.072745,40.563861,5.434191
4186,-5.5672492,2.905532,5.8621915,11.157563,318.882512,9.224166,61.434184,11.778531,26.279549,5.371294
4185,-2.2061029000000003,3.564115,6.001409499999999,11.447698,314.946184,7.567204,49.466357,9.100816,20.061254,5.750939
4120,-9.6580412,3.61397,6.446000499999999,10.211172,321.04555,79.5313,318.718275,10.517934,34.213375,6.906036
4119,-12.949227,2.367921,4.4438183,10.316335,341.358541,72.157773,307.430027,9.790328,29.517135,7.001687
4118,-18.3108828,0.419905,3.6666699,10.35928,357.904559,75.009032,315.376616,8.719249,21.451013,6.790276
4117,-20.3835537,-1.519336,3.5700957000000004,10.320656,364.255625,79.247385,314.656119,7.435717,11.623787,6.624183
4116,-21.2320886,-2.51964,3.6740055,10.317267,364.964219,79.358497,296.48172,6.805009,8.086467,6.122057
4115,-21.8764038,-2.975647,3.7057135,10.410524,364.997745,79.105264,281.952444,7.095021,7.575187,5.674789
4114,-22.2056397,-2.979795,3.7617458,10.49164,364.993859,77.780477,265.42721,7.527577,8.584199,5.959876
4113,-21.9456978,-2.633029,3.8681176,10.522215,364.960493,73.203487,242.335419,7.884334,10.298501,6.369387
4112,-21.6675352,-1.828872,3.8962635,10.492667,364.722905,63.949987,221.353375,8.711945,13.868277,6.683711
4111,-21.0315184,-0.78666,3.8575312,10.397782,363.706477,54.504303,199.604614,9.493248,17.533933,6.670848
4110,-18.6841139,0.28198,4.0603412,10.340785,360.584649,40.418054,162.080824,9.760908,19.841655,6.41372
4109,-16.7036662,1.241683,4.0645428,10.343077,352.063286,30.804181,136.181106,10.627367,24.191496,6.628307
4108,-15.1774597,2.530046,4.0599472,10.370401,332.506978,24.854138,118.334138,12.06678,33.706145,6.333566
4107,-11.3835366,3.192698,4.6710542,10.496995,314.351707,15.593277,89.289906,13.32255,42.103836,5.591425
4106,-4.387829099999999,3.364185,5.6388061,10.773497,310.509916,8.44928,64.123178,14.05644,37.26417,5.152921
4105,-8.8339032,2.851975,5.1404415,10.935305,320.076157,15.261058,85.847178,13.101465,29.461022,5.140774
4104,-7.4742263,2.956966,5.4199273,11.234667,318.956831,12.66234,71.314861,10.483252,22.565934,5.692915
4103,-1.1188223000000002,4.059768,6.0068316,11.526106,310.702982,7.950144,50.339904,7.999296,18.26354,5.8434
4039,-9.4094043,4.511512,6.3195829,10.248829,300.98027,75.710793,294.398168,10.488505,38.258656,7.327464
4038,-10.9956609,3.488861,6.3556895,10.230031,325.656102,79.537837,319.396934,10.121143,32.721394,6.989793
4037,-13.049245,1.917317,4.2766425,10.407323,347.668167,63.601179,277.387669,9.236635,27.581579,6.903496
4036,-19.6542383,-0.309717,3.5996128,10.360377,361.239007,76.560783,314.065863,8.243008,17.739406,6.584189
4035,-20.9401193,-1.98404,3.6154786,10.328435,364.770245,77.943245,302.806156,6.999206,9.958136,6.177679
4034,-21.802911700000003,-2.758261,3.6635186,10.392251,364.982073,78.422322,290.103692,6.687932,7.631907,5.599039
4033,-22.630621400000003,-3.053285,3.6327102,10.482068,364.993617,79.272766,279.80475,6.991684,7.607524,5.721994
4032,-22.3580041,-2.991442,3.7998924,10.561673,364.986852,75.135282,254.748729,7.268988,8.380682,6.043121
4031,-22.031498300000003,-2.553363,3.9,10.522635,364.956166,69.108456,231.887948,7.979185,10.546254,6.282016
4030,-21.9466767,-1.670009,3.8296708,10.445466,364.658816,61.005898,214.764723,9.044674,14.645203,6.627002
4029,-20.3603006,-0.497689,3.9733189,10.353316,363.160105,48.24661,182.782689,9.731745,18.564923,6.475059
4028,-17.9002991,0.552696,4.1586199,10.310776,358.725014,35.000991,147.078944,10.34998,21.255868,6.490084
4027,-17.2325971,1.397833,3.9019868,10.337308,350.627528,30.532922,136.622369,11.473366,26.856629,6.699068
4026,-14.1739765,2.096608,4.338657899999999,10.394322,338.348548,20.396874,103.579739,12.953193,35.714163,6.076821
4025,-6.501558,2.819995,4.8919615,10.579506,322.088709,13.970184,84.295039,13.991977,39.124677,5.579508
4024,-7.463909800000001,2.86897,5.1573824,10.753244,321.076116,13.772141,82.890677,14.240487,33.765765,5.127449
4023,-8.8226607,2.614729,5.1245934,10.926294,322.959099,15.54205,84.684341,11.658808,25.249408,5.34699
4022,-5.1571523,3.901609,5.6387675,11.323023,312.458156,10.450433,59.870286,8.761026,19.520058,5.899245
3959,-4.2041884000000005,5.137421,6.1226655,10.396199,284.142103,61.012246,235.434603,10.360189,39.229354,7.142771
3958,-9.9833781,4.295719,6.5038808,10.166231,312.22944,79.268306,307.630545,10.262112,35.042353,7.059579
3957,-6.7869148,2.960685,5.953369,10.280833,335.128281,53.510064,234.222058,9.529837,29.758675,6.693045
3956,-18.1051946,1.033953,3.7964346,10.397966,353.631468,71.172478,299.330641,8.703097,23.380917,6.581897
3955,-20.0591147,-1.094623,3.698444,10.377709,363.551613,74.339132,299.915621,7.495438,13.744407,6.206717
3954,-21.3501116,-2.261838,3.6785478,10.382078,364.919489,76.200512,293.085582,6.728031,8.887309,5.802224
3953,-22.4935268,-2.825838,3.6027076,10.458332,364.975204,78.13647,286.334956,6.739193,7.69396,5.683277
3952,-22.6727148,-3.083974,3.7233337,10.564035,364.988343,76.128957,267.029009,6.862287,7.496924,5.818555
3951,-22.400686200000003,-2.832873,3.8663023,10.564628,364.976616,72.334325,243.402742,7.336589,8.715131,6.176114
3950,-22.3022276,-2.265698,3.8942105,10.484989,364.932828,65.831938,224.649442,8.172538,11.201105,6.389513
3949,-21.7210261,-1.525687,3.8942319,10.391318,364.640918,56.126664,202.553887,9.358445,15.363628,6.588446
3948,-19.6803858,-0.308198,4.0912204,10.302942,362.858476,42.533372,167.109604,10.174045,19.032985,6.382276
3947,-18.0498325,0.55338,4.0586595,10.309227,359.312852,33.19472,143.166364,11.029847,21.883064,6.714392
3946,-16.2665976,1.340122,4.089056,10.358675,351.46597,25.862364,121.887539,12.401257,28.642777,6.636242
3945,-12.9760031,1.961594,4.4801361,10.469303,340.092662,18.343683,97.655671,13.734044,35.371673,5.943362
3944,-7.6450834,2.528297,4.9091343,10.611118,329.665965,14.908298,87.565305,14.825947,36.431641,5.485104
3943,-8.6747264,2.551202,5.093638,10.767075,326.292498,15.335228,87.158655,12.913036,28.44967,5.249897
3942,-5.9921532,3.441021,5.7643341,11.069952,315.531518,9.517103,60.945147,9.485067,20.957228,5.810123
3877,-8.3396148,4.972024,6.3836793,10.218139,297.544551,74.404305,280.190933,10.301302,37.997167,7.267986
3876,-5.3904153,3.919517,6.3752011,10.211404,320.36143,51.856584,218.851905,9.688721,31.62296,7.051928
3875,-9.8264854,2.74134,5.1655348,10.34459,338.018333,58.495682,251.781068,9.042878,28.596059,6.806691
3874,-19.2779476,0.114405,3.7531054,10.416386,359.564496,71.829961,296.607173,8.058679,19.249367,6.199188
3873,-20.349328,-1.385983,3.7847917,10.416699,364.424319,71.907351,287.419879,7.228474,12.327137,5.72584
3872,-21.987554600000003,-2.131457,3.6467822,10.435004,364.824122,75.597486,287.794521,6.813217,9.479833,5.665993
3871,-22.6880141,-2.831338,3.6698447,10.535668,364.96304,75.769345,275.446678,6.664189,7.585589,5.723754
3870,-22.6317291,-2.93505,3.8063863,10.587987,364.979101,72.88244,253.687134,6.773817,7.509843,5.936812
3869,-22.5486295,-2.541247,3.9,10.545738,364.96026,69.676472,233.543923,7.169431,8.594104,6.127989
3868,-22.4831957,-2.004264,3.8779659,10.436894,364.88016,62.266356,216.480675,8.584106,12.190328,6.575735
3867,-21.1541623,-1.109476,4.0045566,10.343111,364.21349,50.001774,186.505772,9.807888,16.58087,6.541628
3866,-19.38899,-0.170166,4.1022203,10.286468,362.624376,38.633403,156.908063,10.61415,19.307109,6.55785
3865,-17.7533617,0.458958,4.0654761,10.317663,359.926285,30.129998,134.626956,11.636038,22.014697,6.770373
3864,-16.1957968,1.241491,4.1383861,10.411978,351.985623,23.816436,115.796578,12.95076,29.048304,6.448931
3863,-13.7945055,1.904289,4.4302312,10.528333,343.602853,19.441883,102.005147,14.394495,35.04018,5.834459
3862,-8.874204899999999,2.453369,4.8655696,10.706934,330.874774,16.581397,93.013821,13.468364,30.921731,5.480884
3861,-8.7678646,2.928479,5.2202569,10.864174,320.398791,14.445546,82.230316,10.656044,23.730406,5.687521
3860,-4.082801099999999,4.077312,5.7289517,11.138866,310.261178,9.699732,57.548726,8.315339,18.999581,5.860127
3796,-2.7389938000000003,5.756047,6.145868200000001,10.427542,282.203972,53.12517,200.368156,10.192376,39.588115,7.145863
3795,-5.7541689,4.92251,6.3539982,10.138262,305.431578,57.671001,226.931397,9.775534,34.575563,7.556725
3794,-5.8037443,4.08436,6.4231533,10.268858,322.913862,47.950297,206.14738,9.103431,30.633124,7.180366
3793,-15.6891581,1.943456,4.2541765,10.44241,347.41354,66.778945,278.532026,8.507843,25.982148,6.418568
3792,-18.9853376,0.307377,3.9780245,10.427828,358.552449,66.802498,275.18726,7.915787,19.741935,6.038335
3791,-20.9628439,-1.272974,3.7892175,10.449762,364.134602,71.129326,280.972745,7.125544,12.526632,5.79016
3790,-22.164743100000003,-2.307075,3.7346651,10.505029,364.895392,73.052947,275.809233,6.69035,8.689977,5.670773
3789,-22.555576,-2.72097,3.8185031,10.58574,364.955003,71.934832,259.647786,6.595479,7.554636,5.757794
3788,-22.6949057,-2.552632,3.8975207,10.589227,364.945004,70.066007,241.754852,6.532454,7.490791,6.013399
3787,-22.6721291,-2.196049,3.90679,10.48086,364.938684,66.316672,224.614608,7.472389,9.551553,6.296002
3786,-22.2798988,-1.687446,3.9235876,10.38115,364.792122,57.132009,203.776346,8.961606,13.021338,6.552551
3785,-20.932111,-0.877275,4.021626899999999,10.316865,364.107696,45.806254,175.551696,10.136683,16.970158,6.486964
3784,-19.0758788,-0.105653,4.1022518,10.301554,362.478799,34.855937,147.200149,11.293666,19.527085,6.586835
3783,-17.7431893,0.431697,4.0364124,10.36673,360.097038,28.090615,129.369129,12.317584,22.511035,6.678167
3782,-17.4721351,1.032529,3.9633884,10.518353,356.416169,25.455299,122.124384,13.559203,28.359956,6.365023
3781,-16.3577825,1.907003,4.2964449,10.605485,343.396052,22.213827,111.49882,13.940336,31.623132,5.724534
3780,-9.4876738,2.686401,4.953849,10.793624,326.459419,16.822354,92.659977,11.358332,25.890792,5.737173
3779,-7.7419013,3.585912,5.4608275,10.876281,313.839889,12.394493,71.860274,8.825277,20.16239,5.956708
3778,-3.9084079,4.181179,5.5752884,11.271316,309.155706,11.022911,60.672376,8.103689,18.709903,5.852328
3715,-7.0145285,5.71566,6.400280100000001,10.249145,294.566258,65.812127,242.406596,9.890583,36.670625,7.382032
3714,-5.646003,5.30547,6.423475000000001,10.177985,308.783523,51.434006,207.372099,9.158882,32.07886,7.556127
3713,-9.8277104,3.130017,6.2901297,10.386477,334.976093,60.222384,247.029016,8.729083,29.453988,6.575666
3712,-15.308921799999998,1.870762,4.421914,10.451302,348.024163,62.045907,258.411336,8.218551,25.357006,6.328243
3711,-19.852846,-0.177116,3.9395125,10.465482,361.781194,66.966522,271.658789,7.512521,17.194944,5.97429
3710,-21.5911329,-1.42282,3.7800605,10.439311,364.594431,70.553057,275.210689,7.042203,11.201467,5.951588
3709,-22.1565323,-2.263069,3.855960000000001,10.54481,364.889298,69.834863,261.57606,6.641641,8.306646,5.652609
3708,-22.6071289,-2.412227,3.9002438,10.611315,364.906832,69.199848,247.518219,6.337597,7.340116,5.867985
3707,-22.6921124,-2.141117,3.9555372,10.548404,364.897948,67.411238,230.344576,6.306115,7.460582,6.021899
3706,-22.6691053,-1.878218,3.966974,10.431487,364.869711,61.658249,213.352504,7.537978,9.703436,6.16206
3705,-22.2016486,-1.425902,3.9584861,10.348667,364.676574,53.017107,193.598954,9.255809,13.845033,6.421219
3704,-20.798198,-0.797675,4.0123269,10.318169,364.030301,42.201927,166.266758,10.573099,16.885573,6.444427
3703,-19.2066491,-0.303795,4.0296633,10.322446,363.202303,32.855411,142.782531,11.567563,18.407424,6.403105
3702,-18.9399079,0.299888,3.7925895,10.435833,361.259246,29.717889,136.13777,12.712217,22.038165,6.545663
3701,-19.3510017,1.140969,3.7391843,10.575808,354.166729,28.48018,133.411038,13.49142,28.028263,6.10126
3700,-14.7113734,2.132553,4.3974462,10.710096,338.920138,22.244676,111.632421,12.440324,27.923338,5.75285
3699,-9.7540506,3.041643,5.0793361,10.806096,320.018914,16.01812,88.907219,9.7193,22.435237,6.057827
3698,-9.6969574,3.875869,5.0893942,11.018826,311.370238,15.752009,79.659133,8.52602,19.358622,6.125474
3697,-1.2635062,3.215108,5.8701826,11.506226,317.753669,8.727826,54.806525,8.544223,19.113226,5.961406
3634,-3.9705379,6.023398,6.2799199,10.417669,285.460655,53.001191,194.331872,9.886051,37.302046,7.061203
3633,-3.7621045,6.271356,6.328301,10.173193,296.995622,46.196354,181.268417,9.235666,34.068436,7.852729
3632,-5.8647618,4.86777,6.5016935,10.254109,316.153321,46.685751,192.890943,8.803675,30.94255,7.368585
3631,-9.6796768,3.035931,6.2639154,10.411903,336.94294,56.160287,229.88687,8.370999,28.249007,6.665663
3630,-16.3084496,1.522633,4.422627,10.492532,352.439755,61.631589,252.935739,7.889143,23.898158,6.294479
3629,-20.9983507,-0.264754,3.8217797,10.495867,362.440461,68.558383,273.003224,7.418052,16.133173,5.95938
3628,-21.6686743,-1.149687,3.8913536,10.528516,364.332566,67.624652,261.593364,6.943535,11.23176,5.727387
3627,-22.2488393,-1.934455,3.9466063,10.60316,364.816012,67.138824,249.164847,6.555361,8.340713,5.505338
3626,-22.555172,-1.929748,4.0024426,10.583312,364.819245,66.118912,234.321135,6.05686,7.303799,5.972847
3625,-22.6326,-1.790924,4.0502196,10.485087,364.844451,63.963279,218.079874,6.379062,7.958896,5.736897
3624,-22.9311589,-1.664654,3.935423,10.387844,364.803737,58.628678,206.549172,7.885043,10.473122,6.033676
3623,-21.9602544,-1.179592,4.0050385,10.329957,364.51504,48.535451,182.115324,9.76316,14.648544,6.325005
3622,-20.7882557,-0.704337,3.9862876,10.338079,363.98685,39.226425,159.400093,11.074797,16.884893,6.205707
3621,-19.9217305,-0.348717,3.8397474,10.365231,363.399644,32.92089,144.904501,11.87397,17.96125,6.401216
3620,-20.2758392,0.266094,3.5673124,10.508568,361.192617,31.664145,143.893929,12.596868,21.852649,6.39753
3619,-20.3340951,1.305204,3.7652812,10.621395,352.961283,28.777662,135.079669,13.02378,26.532583,6.003417
3618,-10.4821262,2.425328,4.7841105,10.767498,333.18799,18.768208,99.801844,11.021593,24.895598,5.99815
3617,-9.8135306,3.338213,5.1644962,10.841694,315.374673,15.385039,83.607766,9.19706,20.705066,6.128501
3616,-3.005155,3.503121,5.6556828,11.187047,314.914272,10.139159,58.158687,8.868369,19.64478,6.462786
3552,-5.5183096,7.55318,6.401174299999999,10.279699,284.814367,54.837274,201.665748,9.437662,36.571056,7.361227
3551,-7.831281199999999,6.457611,6.566491600000001,10.19997,301.65836,58.081799,220.125603,8.914391,32.2765,7.784795
3550,-7.8551221,5.290388,6.6387488,10.311001,315.843671,51.548786,206.014305,8.500382,30.818088,7.250335
3549,-10.2986365,3.162526,6.3595227,10.464237,337.732445,55.320023,223.273322,8.152193,29.184011,6.55381
3548,-18.3852844,0.913901,4.2547943,10.516733,356.832319,64.066694,257.461573,7.680613,21.587036,6.1984
3547,-21.3140683,-0.298352,3.9053942,10.536506,363.172265,66.451892,262.087225,7.187795,14.299321,5.903256
3546,-21.5978215,-1.155705,4.0422899,10.546659,364.498091,64.206262,246.385584,6.736041,9.924485,5.595248
3545,-22.2281612,-1.532291,4.0569245,10.591048,364.682774,64.26688,236.173372,6.254375,8.016831,5.88714
3544,-22.4984336,-1.43921,4.1006953,10.54481,364.713366,63.318598,222.050825,5.714723,7.291109,5.577487
3543,-22.8997768,-1.542487,4.0354202,10.445099,364.733495,61.11633,210.840286,6.541449,8.330374,5.394183
3542,-22.8509027,-1.413091,3.9787813,10.354394,364.720321,54.368859,195.962363,8.197507,11.046517,5.974114
3541,-21.6829125,-1.156254,4.0511837,10.353993,364.556608,44.141502,170.661817,9.883375,14.231898,6.174995
3540,-21.2297524,-0.776882,3.8442786,10.367089,364.122696,38.040141,158.181761,11.283044,16.362828,6.182624
3539,-20.8257545,-0.326397,3.6292239,10.442363,363.362511,33.601403,148.614486,11.734885,17.54771,6.383924
3538,-21.1672405,0.221906,3.5034149999999995,10.634375,361.694514,32.061491,146.465414,12.446936,21.061022,6.545921
3537,-17.8347643,1.726686,4.122840999999999,10.709341,346.902873,25.192255,123.010768,11.963372,25.347809,6.159763
3536,-9.8733899,2.648093,5.1429557,10.747308,326.856105,15.554435,88.084458,10.460547,23.414909,5.959289
3535,-4.3915728000000005,3.326876,5.6720399,10.953827,315.025702,10.284829,62.40506,9.190667,20.259774,6.531421
3472,-4.425905,6.828635,6.3836011,10.515129,282.890538,47.449951,177.871883,9.619167,36.131454,6.79072
3470,-8.9997048,6.911689,6.670633,10.236286,301.463714,59.000571,221.521231,8.612528,31.763308,7.631827
3469,-8.8120615,5.27246,6.7268008,10.340876,316.423269,52.118986,204.020413,8.305037,30.762974,7.08574
3468,-12.9128894,2.962926,6.3640116,10.437233,340.83165,63.827504,247.283083,7.842343,27.186532,6.527876
3467,-19.7413161,0.925052,4.1611987,10.54134,357.940446,64.379377,254.947215,7.460409,19.698419,6.233805
3466,-21.0782013,-0.468918,4.0962455,10.559233,363.741469,62.242923,244.103203,7.026355,12.516203,5.74264
3465,-21.5450032,-1.07238,4.171382100000001,10.579326,364.464064,61.1516,232.52739,6.493471,9.136212,5.794875
3464,-22.223016,-1.135201,4.160203,10.556993,364.555311,61.541006,223.816741,5.922374,7.723709,6.100461
3463,-22.5537317,-1.318851,4.1653858,10.491133,364.633925,60.9392,211.359793,5.785142,7.557919,5.220731
3462,-23.0928727,-1.342811,4.0477822,10.403819,364.658971,57.819647,203.035814,6.83404,8.887762,5.382167
3461,-22.3438878,-1.306535,4.1028514000000005,10.349142,364.680908,48.566032,180.924245,8.828044,11.999855,6.081349
3460,-21.9415287,-1.157925,3.9629721,10.383271,364.549925,42.092658,166.541937,10.421608,14.591598,6.004195
3459,-21.422437,-0.857825,3.7728436,10.407764,364.235692,36.072593,154.067322,11.066987,15.428634,6.185224
3458,-21.3566501,-0.410222,3.5391978,10.531802,363.623313,33.06689,148.535511,11.491142,16.688662,6.220097
3457,-21.308448,0.696175,3.6559818,10.677577,358.724249,29.962715,140.171219,12.242461,22.745444,6.338564
3456,-10.8224411,2.11708,4.762888,10.732932,339.449689,18.794182,100.783748,11.281388,24.499195,6.183427
3455,-6.4724731,2.970024,5.6184509,10.792877,318.847044,11.229061,70.698626,9.757509,21.379239,5.977233
3454,0.659734,2.935987,6.364300699999999,11.348129,322.356023,4.894401,40.237384,9.045551,19.147378,7.246424
3388,-8.2356256,6.929383,6.695891399999999,10.248019,302.01859,50.485271,192.753117,8.547823,31.860826,7.37161
3387,-10.8714947,4.875871,6.8606703,10.327697,322.846455,56.754236,216.91139,8.061955,30.227548,6.824263
3386,-13.253859600000002,2.1818,6.3417944,10.471365,349.45245,62.044124,238.177242,7.635902,24.874269,6.373519
3385,-19.6838583,0.535491,4.2848934,10.561937,360.707216,60.488202,238.349469,7.311633,16.803146,5.992065
3384,-20.7309683,-0.382937,4.3074595,10.579696,363.72576,57.932929,225.884604,6.815732,11.362753,5.774352
3383,-21.8816974,-0.745543,4.214256600000001,10.599411,364.336566,59.680198,224.209678,6.298211,8.70123,5.831444
3382,-22.29715,-0.950383,4.2230875,10.508344,364.437743,59.256514,213.085386,5.727951,7.746203,5.261074
3381,-22.6984062,-1.11271,4.2055079,10.461127,364.535304,58.175107,202.299275,5.85054,7.819738,4.947764
3380,-22.6603101,-1.282447,4.1789618,10.382059,364.650446,52.017769,188.173244,7.13148,9.122266,5.725729
3379,-22.3375535,-1.353137,4.1064688,10.370892,364.697637,45.230097,172.586752,9.088283,11.929649,6.024501
3378,-22.2201403,-1.200567,3.8715167,10.414069,364.541377,39.975817,162.584869,10.60842,14.66877,6.102405
3377,-21.5864633,-0.817131,3.7092791,10.496042,364.227981,34.182161,150.010983,10.765505,14.45025,6.166483
3376,-21.4975168,-0.20878,3.5905039000000003,10.643114,363.117372,31.173986,143.669339,11.498156,17.971507,6.29614
3375,-16.9807883,1.233349,4.119299,10.715485,354.148522,24.689871,122.513581,11.884208,23.865862,6.486163
3374,-9.4403568,2.602557,5.329958700000001,10.726056,329.435118,13.695254,82.939575,10.63166,23.036214,6.082964
3373,0.2383236999999999,3.30207,6.3338996000000005,11.023038,317.25506,5.575755,46.441608,8.969659,19.333785,6.758972
3308,-1.8919937,8.61035,6.446820499999999,10.388133,285.508153,25.724586,112.001818,9.156124,35.391542,7.550561
3307,-8.0883755,8.24086,6.7065991,10.276847,290.123203,48.72533,185.028507,8.881456,33.505348,7.44332
3306,-9.7157019,7.072594,6.8094427,10.224696,304.392712,52.030758,197.636587,8.314182,31.63455,7.043232
3305,-10.7139564,4.748144,6.8930633,10.276157,326.187778,52.484167,201.480845,7.802767,29.31585,6.797055
3304,-13.746673,1.503417,6.3168248,10.520189,354.416657,60.837547,231.326805,7.438771,20.788131,6.297597
3303,-19.498036300000003,0.392291,4.4353445,10.574682,362.117879,56.335762,221.018336,7.048977,14.006706,5.990143
3302,-21.2107378,-0.29275,4.3203803,10.583278,363.827693,56.980432,219.292935,6.621806,10.486377,5.950321
3301,-22.224867,-0.615055,4.2516709,10.529658,364.214584,58.402606,216.614548,6.003144,8.397576,5.596362
3300,-22.5711598,-0.839619,4.2684804,10.467207,364.407492,57.930437,205.578757,5.559035,7.799327,4.856018
3299,-22.5837483,-1.101234,4.2886864000000005,10.451849,364.55047,53.805314,191.116557,6.007905,7.888588,5.400889
3298,-22.6184248,-1.297306,4.2190272,10.379095,364.665398,48.100357,178.372701,7.566397,9.587147,5.80995
3297,-22.6535288,-1.45657,4.0289429,10.400429,364.718168,43.367951,168.519138,9.811386,12.956473,6.005483
3296,-22.145798,-1.175967,3.8600457,10.474526,364.523383,36.814237,155.163716,10.471502,14.012117,6.149953
3295,-21.9170388,-0.70495,3.6415048,10.628851,364.082396,32.877014,148.046035,10.658555,14.67396,6.047036
3294,-21.0633726,0.284038,3.8304474,10.723087,360.851692,27.522332,132.353108,11.607245,20.3533,6.498838
3293,-10.4109113,2.061391,4.9233284,10.741898,341.919602,16.625545,94.222984,11.195681,23.456483,6.278213
3292,-1.4314442,3.405045,6.0124608,10.835957,317.893131,8.206361,61.214097,9.394179,20.066506,6.329713
3228,-2.5826514,7.107139,6.497303,10.62236,288.448709,25.875783,112.47731,9.219769,34.081708,7.022559
3227,-3.415936,8.183383,6.5562355,10.44711,287.961718,27.609419,118.291231,9.086209,34.431369,7.293905
3226,-7.245858099999999,8.78514,6.723278500000001,10.212765,288.299301,40.674652,160.390428,8.765084,33.522147,7.012902
3225,-9.0119413,7.56479,6.8284777000000005,10.193168,305.725146,44.748278,175.133021,7.976192,30.829541,6.826902
3224,-12.2052646,3.786854,6.989978600000001,10.372404,336.364905,54.91136,208.123805,7.556397,25.675885,6.639228
3223,-14.2371882,1.195806,6.2600969,10.543875,357.929028,59.697609,225.851461,7.21582,17.571561,6.339088
3222,-19.9782656,0.178681,4.4872279,10.54479,362.857652,54.221039,210.805426,6.814904,12.392221,6.151457
3221,-21.9981271,-0.329151,4.292261,10.541138,363.953677,57.326099,217.30118,6.268306,9.277065,5.852609
3220,-22.4339357,-0.565914,4.3059168,10.489476,364.176975,56.824888,208.104318,5.717344,8.009682,4.994154
3219,-22.6371418,-0.773005,4.3309611,10.520502,364.362783,55.580974,195.73883,5.425698,7.537311,5.296189
3218,-22.6950158,-1.119801,4.3186956,10.463576,364.582328,50.383066,182.606903,6.272066,7.940147,5.732803
3217,-22.9081988,-1.49497,4.16983,10.409632,364.755222,45.918282,173.211683,8.318027,10.258106,5.885179
3216,-22.8897869,-1.497457,3.9561328,10.481409,364.71664,40.990318,163.866219,10.056812,13.12667,5.971154
3215,-22.1061674,-1.119487,3.8423579,10.611323,364.498509,34.09792,148.633062,10.180654,13.068045,6.052106
3214,-21.4501406,-0.435691,3.7890747,10.726058,363.393116,29.186599,136.821139,10.470858,15.622389,6.048529
3213,-12.9193528,1.161458,4.3479918,10.762805,354.982995,21.499122,111.92981,11.322587,21.536116,6.322803
3212,-7.645714,2.926607,5.3923257,10.759837,328.19491,13.073655,81.810668,10.304102,21.604201,6.179155
3146,-3.0332395,7.480701,6.574148200000001,10.666157,289.167317,24.028598,106.722933,9.161255,34.216776,7.221489
3145,-4.3178129,9.075014,6.6386707000000005,10.363795,284.634946,27.412795,117.813479,9.173127,35.168478,7.022925
3144,-6.9266969000000005,9.878711,6.7614191,10.223116,287.646838,35.2704,143.839322,8.315355,31.792628,6.784984
3143,-9.2004552,6.64801,6.876617400000001,10.229223,315.846378,41.186742,163.999586,7.630462,28.300297,6.704573
3142,-13.074748,2.380632,7.0615025000000005,10.475009,347.775264,54.59168,206.860532,7.338642,21.497438,6.577299
3141,-13.9290666,0.87587,6.1683417,10.525282,359.770098,55.158461,209.00935,7.06161,15.358649,6.37101
3140,-21.5957746,0.107615,4.3462001,10.519391,363.136479,55.747264,213.30761,6.574253,11.132186,6.248059
3139,-22.3923398,-0.294588,4.3038726,10.484874,363.916425,56.240291,210.633841,6.036001,8.833074,5.523079
3138,-22.642618,-0.574006,4.3447969,10.523892,364.224762,55.188624,199.710833,5.465469,7.715501,5.360701
3137,-22.5860855,-0.823335,4.4198946,10.551168,364.424501,51.900703,185.230316,5.447815,7.382223,5.858891
3136,-23.0568385,-1.302872,4.2871864,10.477879,364.673556,48.377566,177.911927,6.880636,8.359328,5.791393
3135,-23.2063809,-1.608879,4.1142509,10.462426,364.77742,43.966563,168.830757,8.934211,11.089093,5.809586
3134,-22.6400204,-1.431739,3.9909732,10.620653,364.696171,37.06722,154.217138,9.942196,12.604982,5.901417
3133,-21.9159845,-0.901462,3.8757666,10.706254,364.199438,31.092199,140.808917,9.812062,12.904374,5.95726
3132,-16.9128377,0.312344,4.1383622,10.753687,361.224201,23.781568,119.446281,10.481929,17.31559,6.235984
3131,-10.580455,2.205299,4.938325900000001,10.793393,341.813307,15.934004,92.788213,10.721252,21.340534,6.020507
3130,-1.207324,3.800397,6.0939507,10.912141,316.395057,7.804094,61.366297,9.073096,18.960237,6.652538
3063,-4.7275213,9.643586,6.7266596000000005,10.424008,283.630162,23.948237,106.650124,8.609563,32.139578,6.569058
3062,-6.8553898,10.864972,6.811445000000001,10.138932,289.03259,30.80858,129.590382,7.831649,30.191166,6.74508
3061,-10.2372227,4.997445,6.957776,10.299263,327.110466,41.521191,165.083458,7.360701,25.546647,6.73658
3060,-13.463481300000002,2.038455,7.1007198,10.48037,350.817794,52.297102,199.542507,7.216886,18.905826,6.536962
3059,-14.993048300000002,0.670467,5.9775433,10.451512,360.994823,55.167134,207.496864,6.821194,13.541499,6.430617
3058,-22.4297658,0.043078,4.3005891,10.474001,363.35026,56.241174,211.945694,6.37586,10.248883,6.11452
3057,-22.420152100000003,-0.278728,4.4105715,10.512961,363.941056,53.815142,199.494054,5.770336,8.311972,5.7688
3056,-22.4172848,-0.507988,4.492218299999999,10.630299,364.217064,52.072395,186.500205,5.251665,7.337621,6.055789
3055,-22.8930305,-0.934926,4.4155666,10.614329,364.494663,49.520685,179.382252,5.706264,7.303245,6.002224
3054,-23.3770269,-1.455197,4.239478,10.56077,364.731913,46.322314,173.21912,7.422783,8.728685,5.750565
3053,-23.3971435,-1.583499,4.0692333,10.627285,364.747992,41.46723,163.411606,9.23781,11.410602,5.697734
3052,-22.4405289,-1.17412,4.012813599999999,10.720898,364.450469,33.581228,145.573306,9.613055,11.99796,5.873016
3051,-20.6126655,-0.061174,4.1071925,10.747062,362.508879,25.931851,125.188555,9.028114,13.296893,5.89984
3050,-12.0396203,1.265652,4.4408544,10.806078,355.109091,20.086159,107.403972,10.31994,18.408784,6.131868
3049,-3.721496,3.230199,5.599933500000001,10.796291,326.626228,10.911702,74.812851,9.914411,20.134234,6.216865
3048,-0.5337578,3.522002,6.3508747,11.488129,320.85224,6.011703,51.647058,7.386146,16.162643,8.075294
2982,-5.4276138000000005,12.446393,6.7947439,10.37417,277.042472,24.067589,106.947783,8.049593,30.156887,6.43618
2981,-7.3019755,8.96473,6.8661332,10.180378,301.437688,29.19225,124.57394,7.461139,28.06407,6.666367
2980,-10.8133337,3.495577,7.021611900000001,10.395595,338.745061,39.848127,159.934807,7.273615,21.982165,6.683334
2979,-13.8499486,1.368058,7.1455664,10.479071,356.211513,50.464281,193.631011,7.15365,16.360198,6.668253
2978,-16.8059851,0.555672,5.6763824,10.464959,361.512429,57.060117,212.180985,6.684008,12.395994,6.472543
2977,-22.6049093,-0.000818,4.3573448,10.486766,363.461899,54.278066,202.76104,6.118827,9.360077,6.193926
2976,-22.1226578,-0.322594,4.5773193,10.55327,364.037715,50.397227,185.18985,5.533769,7.88762,5.975114
2975,-22.5638891,-0.54942,4.5409287,10.668413,364.22531,49.594354,178.449272,5.372397,7.422629,6.331692
2974,-23.2615991,-1.178778,4.3868801,10.656261,364.624939,47.566301,174.676294,6.348468,7.563351,5.972574
2973,-23.7262717,-1.540674,4.184370400000001,10.652135,364.729965,44.482363,169.157739,8.147897,9.778253,5.616282
2972,-23.1501042,-1.358499,4.1143825,10.731666,364.556406,37.377846,153.438243,9.309091,11.693816,5.678833
2971,-21.7534417,-0.315201,4.1439028,10.752413,363.147278,28.940932,132.552928,8.33385,11.787451,5.865754
2970,-13.215057300000002,0.596084,4.2908185,10.77122,360.426091,22.477138,114.650291,9.042221,14.459685,5.914084
2969,-10.8962965,2.247997,4.8439164,10.789936,341.06604,16.444582,95.097595,10.239362,19.133864,5.972308
2968,-2.0537315,4.253835,5.9455421,11.082172,315.156081,9.014284,67.804626,8.361399,17.973254,7.059356
2967,-0.3518971,2.623959,6.3923247000000005,12.001452,332.97151,5.261704,45.700026,6.081931,13.292073,9.304068
2900,-6.5048991,10.999238,6.8888267,10.269375,286.881014,23.999101,106.679933,7.589736,28.699077,6.525467
2899,-8.4542236,6.783859,6.955021499999999,10.173956,314.380828,29.450476,125.54122,7.443566,26.514522,6.565079
2898,-13.0292068,2.431656,7.1351299,10.446509,345.605822,46.11946,179.274501,7.426269,20.13906,6.531929
2897,-10.5761656,1.093961,7.2009744,10.452047,358.08919,51.947879,198.288081,6.887652,14.753551,6.580393
2896,-17.9772466,0.34279,5.4206199,10.484381,362.503805,55.325158,204.715819,6.412252,10.78023,6.381947
2895,-21.9640777,-0.058196,4.6140558,10.551887,363.607225,49.551816,184.26205,5.833744,8.628209,6.343449
2894,-22.1887007,-0.333609,4.6572914,10.652988,364.009773,48.362993,176.336999,5.466342,7.801373,6.455516
2893,-22.971699,-0.739324,4.5299419,10.749689,364.392178,47.862377,174.00831,5.451184,7.123511,6.091665
2892,-23.6552995,-1.210931,4.3416297,10.73999,364.589885,45.879192,170.701297,6.747712,8.003194,5.643351
2891,-23.9149491,-1.442064,4.1535355,10.799588,364.629701,42.105612,163.501113,8.506541,10.735429,5.492219
2890,-22.5649924,-0.49159,4.2244976,10.773759,363.507874,32.563069,140.604177,8.205494,11.859997,5.687723
2889,-20.8780819,0.468241,4.2403429,10.787754,360.083227,25.382573,122.451363,7.736165,12.209982,5.75868
2888,-12.6815189,1.677947,4.3994472,10.808561,348.273876,20.534384,109.195883,9.166461,16.159771,5.799673
2887,-3.7103072,3.882418,5.4174697,10.835261,320.515394,11.922076,79.761601,9.32059,18.387624,6.256483
2886,-1.9212921,3.652649,6.0875377,11.68065,320.700771,8.292032,62.484038,6.885258,16.344357,7.897696
2818,-7.2405553,10.266504,6.9527827,10.16753,293.288877,23.750118,105.826014,7.408004,28.522855,6.564467
2817,-10.5543607,4.680754,7.1172704,10.30908,326.543088,38.071457,152.926018,7.766527,25.135953,6.392184
2816,-10.5339472,1.94874,7.1940259,10.431129,349.006278,44.646979,174.628561,7.346551,19.169127,6.425002
2815,-10.7139394,1.075688,7.254582600000001,10.396066,358.376327,51.990954,198.642408,6.721043,14.265092,6.437305
2814,-17.7760924,0.323814,5.3122614,10.510551,362.519447,49.961447,186.160777,6.213182,10.288069,6.405488
2813,-20.5349132,-0.051975,4.743969,10.609339,363.586502,46.600318,173.136496,5.697156,8.383946,6.548277
2812,-22.6082216,-0.325185,4.6533558,10.728263,363.914295,46.92761,171.785746,5.534453,7.865235,6.765207
2811,-23.3666879,-0.683348,4.501119,10.756121,364.190896,46.144682,169.714098,5.844748,7.662135,6.057999
2810,-24.0483286,-1.27744,4.2873652,10.813762,364.550087,44.231028,166.98101,7.658184,9.021763,5.491046
2809,-23.3945055,-0.70792,4.2748315,10.819796,363.892098,36.944898,150.161811,8.183939,11.963173,5.382192
2808,-21.2176799,0.311922,4.405598400000001,10.815171,360.787912,27.169899,125.284748,7.202896,11.755243,5.759648
2807,-15.6284812,1.399001,4.2732714000000005,10.851735,350.190475,23.418194,117.463958,7.788711,13.4735,5.584978
2806,-11.3376119,3.035599,4.7930796,10.800135,329.249065,16.592098,95.7774,9.360843,17.503567,5.833927
2805,-1.6083714,4.446421,6.1257548,11.157242,315.511121,7.443213,63.039537,8.057757,17.004723,7.171566
2738,-5.5090314,10.157296,6.9259737,10.475335,287.268155,17.621985,84.741294,7.76741,28.711218,6.56434
2737,-8.919008999999999,7.125427,7.0763729,10.223671,309.107903,28.469157,121.323234,7.967379,28.599941,6.34928
2736,-8.768268,3.317924,7.2219902,10.388716,331.588055,43.923256,171.349612,8.204131,25.587876,6.149115
2735,-9.4430704,1.964529,7.237373,10.416658,348.543277,45.944264,178.463898,7.197347,19.469535,6.357989
2734,-10.8163977,0.982217,7.2463971,10.449714,358.725949,49.439423,190.050891,6.574572,13.807651,6.233595
2733,-16.0761581,0.399279,5.2445053,10.565897,362.270971,44.887952,169.850942,6.099887,9.883867,6.493297
2732,-19.0144969,0.059543,4.7872413,10.655231,363.237089,44.520321,166.930418,5.758233,8.693229,6.748778
2731,-22.9626876,-0.246287,4.6614981,10.72171,363.655189,45.19784,166.780057,5.685912,8.31463,6.546385
2730,-23.8506231,-0.853445,4.4573299,10.82916,364.266547,44.878258,166.845754,6.262223,7.911307,5.568463
2729,-23.9232804,-0.799191,4.3496153,10.854748,364.118224,40.587356,157.517446,7.998855,10.91592,5.285823
2728,-22.4527921,0.087382,4.4736626,10.847893,361.958686,30.959886,133.701963,7.477861,12.583965,5.407566
2727,-17.0910297,1.395405,4.4118453,10.877374,349.470554,24.821005,119.187461,7.150403,13.138955,5.501641
2726,-11.8318185,2.683509,4.6434576,10.887665,334.010449,18.117852,99.978885,7.8588,15.088559,5.387376
2725,-5.054968199999999,3.848881,5.2128712,10.948533,320.285718,13.299359,85.152022,8.85692,16.907385,6.5773
2724,-0.6645799,3.171821,6.545219899999999,11.931428,329.347759,5.273184,53.21252,6.440095,14.559728,9.180021
2656,-5.7880043,9.012602,7.011333500000001,10.355712,293.830446,18.730878,88.218509,8.190603,30.441265,6.434809
2655,-6.8491719,5.073815,7.1916388,10.316995,314.535215,32.985451,135.708434,8.746499,30.2577,5.87468
2654,-8.0460473,3.206208,7.216617100000001,10.409335,332.048012,38.404042,153.983141,8.002173,25.636867,6.033369
2653,-10.6160973,2.067205,7.3105554,10.414161,347.405744,48.762864,186.922701,7.043223,19.954,6.04061
2652,-10.5144913,0.888744,7.1898995,10.477414,360.131197,44.250851,172.938517,6.525624,12.265389,5.69707
2651,-14.8806834,0.58752,5.125803400000001,10.605206,361.489106,42.241704,161.77926,6.195464,10.382304,6.496869
2650,-17.637298899999998,0.342166,4.8365054,10.679757,362.093493,42.307458,160.473537,5.938625,9.730919,6.748916
2649,-23.5341666,-0.185239,4.6071519,10.721327,363.385564,44.553441,164.80783,5.903923,8.702856,6.078752
2648,-23.9834415,-0.450202,4.480995200000001,10.789188,363.551129,42.182221,159.968522,6.881823,9.190171,5.488944
2647,-23.370101,-0.311967,4.4840668,10.87545,363.562403,35.542555,144.060643,8.036059,12.665589,5.174858
2646,-14.1425068,1.184154,4.7351169,10.874139,352.591489,24.749393,115.59183,7.541181,14.479334,5.546656
2645,-12.2396898,2.597958,4.7108613,10.965238,336.187578,19.28891,101.889278,7.061423,14.404279,5.250604
2644,-4.756723,3.646937,5.1082063,10.899356,324.915207,13.26876,83.013133,8.295864,15.62551,6.23173
2643,-2.3916219,3.538457,5.935703999999999,11.666394,326.104359,8.28699,67.400317,7.181362,14.928352,8.63301
2574,-5.4228736,7.16933,7.0999529,10.383876,300.060187,20.655194,94.454037,8.80359,31.946795,6.263102
2573,-6.5305128,4.718218,7.209117000000001,10.400793,317.337897,29.666213,124.691149,8.644274,29.492772,5.957059
2572,-7.688217400000001,3.838768,7.2318348,10.417923,328.265151,33.6433,138.552625,7.73137,26.397862,5.98536
2571,-9.9731265,2.35698,7.3018713,10.425915,346.604154,43.555635,170.759376,6.847573,19.995675,5.840852
2570,-10.5916748,1.15447,7.0945461,10.566827,357.73259,40.757835,161.467989,6.598248,13.868174,6.123174
2569,-14.3142243,0.780749,5.1138132,10.656162,360.310272,38.856979,151.78855,6.244884,10.88858,6.437194
2568,-19.2874693,0.563171,4.8048359,10.68149,360.988821,41.564966,158.086149,6.127758,10.727059,6.423303
2567,-23.7934735,0.08216,4.6207459,10.728441,362.242187,42.48517,159.209396,6.0503,9.279026,5.726384
2566,-23.6664402,-0.310612,4.5852837,10.829535,363.462101,38.062542,148.878344,7.933627,10.835728,5.243829
2565,-19.7173829,0.770504,4.6650153,10.857699,357.406356,30.220106,129.555542,8.54377,16.024099,5.527903
2564,-11.5951609,2.383539,5.0246157,10.974898,339.660995,18.958607,97.642119,7.395558,15.561895,5.319894
2563,-4.7514029,4.325538,5.1554305,10.909839,324.077756,13.451414,81.763919,7.153921,14.229029,6.180449
2562,-2.1094981,4.348382,5.812682199999999,11.366828,321.224721,7.777854,62.935878,7.510234,14.327615,8.128429
2494,-4.806639,7.169486,6.9910142,10.725487,296.752924,12.735245,66.800436,8.898073,30.967296,6.37049
2493,-4.4117521,6.349886,7.126391,10.488487,302.606628,18.136212,85.615767,9.183959,32.286136,6.148456
2492,-5.3662439,5.794829,7.1539112000000005,10.511908,307.524236,20.707782,95.16922,8.695383,30.816579,5.828289
2491,-7.1683536000000005,4.595816,7.243295399999999,10.478787,324.648797,31.307699,130.976495,7.39556,26.124924,5.890831
2490,-9.0228454,2.483552,7.299884199999999,10.519989,345.195055,37.591462,152.027318,6.909855,19.873867,5.883701
2489,-10.5350248,1.406446,6.9357907,10.652093,355.611691,36.404359,147.36501,6.752199,13.770817,6.171359
2488,-14.554226600000002,1.114412,5.0584606,10.696566,357.904325,37.491757,147.734593,6.434859,11.98418,6.231986
2487,-20.324099,0.916779,4.7800143,10.685359,358.253891,40.589895,155.113483,6.022522,11.259677,5.904161
2486,-23.7441066,0.419749,4.6617805,10.724924,361.17368,39.790107,151.936292,6.387873,10.019146,5.50545
2485,-22.890652,0.448241,4.6000391,10.833476,360.597473,35.471981,142.377748,9.152333,15.402592,5.50722
2484,-12.8191459,1.987809,5.1028372,10.900639,347.943118,21.876083,104.289715,8.5288,18.09123,5.780368
2483,-4.7202107,4.523941,5.333379,10.925696,322.333994,13.918078,81.048278,7.316426,15.246408,6.469991
2482,-2.3507778,5.987227,5.7031284,11.055112,312.624722,8.233153,62.49243,7.170444,13.724658,7.872451
2481,-1.5737177,3.58752,6.1652374000000005,11.749867,327.030305,6.113714,57.624613,6.923557,13.940575,8.734011
2411,-3.5622756000000004,6.971983,7.1486491,10.6294,300.269758,15.729319,76.913288,9.07671,31.286307,6.103654
2410,-6.278787299999999,6.723852,7.0723583,10.640349,304.898461,12.1288,65.197994,8.033194,29.113976,5.87617
2409,-6.6434789,4.909839,7.2450598,10.549352,323.174927,27.699944,119.467233,7.100626,25.48616,5.811759
2408,-7.833354099999999,2.060418,7.2419859,10.620511,348.858235,31.23509,131.624614,7.000492,18.544722,5.949784
2407,-10.8296454,1.697992,6.761396700000001,10.724929,352.404516,33.592602,138.155582,6.880451,13.985211,5.801885
2406,-15.1094055,1.603596,4.9789833,10.735131,352.858961,37.41561,147.275607,6.560764,13.410988,5.833654
2405,-18.6950806,1.378002,4.8186856,10.713517,354.631709,38.610711,149.206108,5.926711,11.767212,5.325099
2404,-17.6275554,0.801914,4.9170393,10.76287,358.899058,33.817161,135.258094,7.551522,12.21611,5.494799
2403,-14.9302324,1.332719,4.9344127,10.819916,356.232601,28.091269,121.230576,9.907806,19.179352,5.834243
2402,-6.499975999999999,3.675315,5.5439846,10.952899,327.185078,14.853589,81.641905,8.318549,17.685434,6.434456
2401,-3.1551921,6.766435,5.6257336,10.877025,307.290767,10.03758,67.528798,7.323589,14.762528,7.832965
2400,-2.7979069,4.90574,5.6772708000000005,11.349171,317.623428,8.265364,64.759034,6.990662,13.291152,8.145965
2330,-2.270163,6.560058,7.0875565,10.904314,300.488709,10.696051,58.018522,9.200137,30.650535,6.2124
2329,-3.3930464,7.588613,7.1100902,10.878318,296.858637,9.539841,54.50217,8.680109,29.451871,6.017876
2328,-5.2527615,7.89853,7.0942601,10.723846,298.374785,10.855474,60.664718,7.557192,28.256032,5.821111
2327,-5.9390941,4.539682,7.2253333,10.618666,324.961779,23.662404,106.35635,7.137149,24.626798,5.850079
2326,-7.609473199999999,2.232742,7.232714199999999,10.703409,345.468723,28.832169,123.730944,7.148524,17.769224,5.590861
2325,-11.8310926,2.066448,6.5077566,10.795469,347.890762,33.793507,138.106142,7.034018,14.871018,5.452838
2324,-14.7424528,2.057254,5.1201511,10.774307,346.475991,33.819091,136.868735,6.351266,14.029073,5.278054
2323,-14.6727155,1.812932,5.1753268,10.72364,350.61136,31.479899,128.684136,6.027191,12.000556,5.350884
2322,-14.6886935,1.421394,5.0323468,10.790276,355.720769,30.046303,124.77231,9.340457,16.344225,5.714061
2321,-11.9167439,2.308454,5.4400344,10.944781,341.388497,19.463046,94.701138,10.004429,20.661741,6.041549
2320,-3.6277415,5.942688,5.7292208,10.935828,308.336735,11.45366,70.522174,8.2395,17.180108,7.651373
2319,-1.7940903,5.969884,5.9731437,11.155617,311.935127,6.597951,54.885902,6.758967,13.290766,7.985412
2247,-2.0598825,7.401553,7.1167556,10.766434,303.233205,11.079223,61.609729,7.352483,26.759104,5.955527
2246,-5.7279058,4.169521,7.208754799999999,10.679887,326.092838,21.575145,99.508056,7.220834,23.588082,5.675421
2245,-8.0203591,2.48392,7.2804821,10.797026,341.338893,28.832792,123.548226,7.286088,17.091211,5.299737
2244,-11.8102106,2.347964,6.274165099999999,10.859349,341.251852,29.479837,124.429642,6.999986,15.442786,5.268934
2243,-13.0160744,2.635317,5.5880948,10.797565,339.835638,25.733859,113.013043,6.185896,14.267851,5.154822
2242,-13.5002214,2.369773,5.4431538,10.756856,345.382429,26.048835,112.729574,6.724122,13.350519,5.605313
2241,-15.199975599999998,1.993031,4.9278934,10.896792,347.593881,29.578872,124.666487,10.774239,20.470876,5.98973
2240,-4.2662749,3.915288,5.925929,11.048986,318.877364,12.435302,71.774095,10.092027,21.074573,6.705311
2239,-2.5458128,6.095761,5.9755935,11.089385,308.7808,8.309814,59.071188,7.474777,15.123105,7.757096
2166,-1.4159948,7.99215,7.1831214,11.06956,296.52913,9.577455,55.042826,7.847117,26.396699,5.987235
2165,-1.7551334,6.481093,7.131757899999999,10.806718,306.462729,10.614432,60.066617,7.313216,25.887536,6.049331
2164,-6.763533,3.835864,7.2846276,10.735861,325.406755,23.425181,105.904931,7.390465,22.284485,5.328659
2163,-7.4794139,2.713104,7.2302279,10.879598,334.396108,25.671934,112.956576,7.408994,17.401819,4.885102
2162,-10.604056,2.773059,6.3282898,10.898952,333.787904,20.196864,95.447816,6.843857,16.04282,4.886074
2161,-12.1270127,3.424762,5.851236200000001,10.823259,331.863573,20.914785,98.502514,6.003007,13.97675,5.613528
2160,-14.2117128,2.51134,5.3054594,10.833575,342.396368,26.765972,114.724463,8.191577,15.757389,5.788063
2159,-12.7567711,3.053259,5.4973294,11.049731,330.866884,20.167019,95.801591,11.272821,23.046901,6.231869
2158,-2.4166031,4.899783,6.2396696,11.200757,312.093397,8.287206,57.483353,8.692864,17.431049,7.200279
2085,-1.3235022,6.002508,7.156456199999999,11.391989,307.030914,5.558562,38.168357,8.46884,25.258686,6.119784
2084,-0.4861688,8.25444,7.1600432,11.07969,297.812138,7.410471,47.081613,7.753774,25.143932,5.964706
2083,-4.011244700000001,5.830088,7.229592800000001,10.834902,308.941403,15.190125,76.706432,7.397886,24.731141,5.784118
2082,-6.776425399999999,3.417415,7.2782056,10.841123,326.231242,22.297568,102.025486,7.512154,20.538058,5.063437
2081,-5.2455224000000005,2.877891,7.1188536,10.98843,329.052201,17.748403,86.12873,7.440547,17.467324,4.921952
2080,-10.56531,3.729782,6.3517993,10.976341,323.613349,17.330745,86.842917,6.576789,16.022787,5.503564
2079,-12.4592181,3.757646,5.8241285,10.86124,327.670589,20.416975,96.789545,6.079254,13.984263,5.737669
2078,-13.9683516,2.905341,5.3875352,10.970531,334.506389,24.20012,107.175093,10.239731,20.230137,6.107312
2077,-7.580974500000001,3.425714,5.8928919,11.187572,323.358359,14.195652,76.630679,10.663652,20.715639,6.416107
2076,-1.9634596,4.639085,6.3278022,11.587091,315.357688,6.660371,51.257192,7.392049,13.414273,7.348721
2002,-5.1373246,4.988887,7.2741439,10.923008,312.646392,16.96878,83.491868,7.491627,23.498577,5.883263
2001,-5.2686992,3.576619,7.1965232,10.97759,322.216871,16.930563,83.735615,7.599852,19.491084,4.90653
2000,-4.7624779,3.371623,7.088864599999999,11.059567,323.414288,15.343045,77.490655,7.223782,17.388833,5.096265
1999,-11.4787151,4.256509,6.1841468,11.000139,318.973548,17.587892,88.023337,6.287912,15.552389,5.752064
1998,-12.1390832,3.685626,5.939543,10.967972,326.796825,18.098015,89.304882,7.396653,15.702505,5.785747
1997,-13.4500642,3.033557,5.5270929,11.092467,330.48462,20.862965,97.332989,10.748889,20.834535,6.042548
1996,-2.206873,4.258154,6.5092872,11.477977,314.835953,7.298056,52.409057,8.77648,14.823704,6.901766
1920,-4.6838500000000005,4.930983,7.2508135,10.955365,314.437036,14.793109,76.320975,7.512712,21.12133,5.435321
1919,-3.7942036,3.55432,7.1125833,11.123775,320.905626,12.508446,67.780361,7.531819,18.148275,5.045468
1918,-5.384479000000001,4.081418,7.066948200000001,11.191942,316.577892,15.795422,78.841158,6.927497,16.971586,5.595986
1917,-10.7885572,4.389961,6.3355118,11.072134,318.645396,14.087956,76.959513,6.313704,14.645854,5.821377
1916,-11.9143954,3.535083,6.028727,11.058754,326.70314,16.129838,82.848809,8.618009,17.218446,5.853928
1915,-4.464824999999999,3.550311,6.3197322,11.398866,319.966496,11.011962,64.669177,10.00901,16.629185,6.178521
1914,-2.3319422,4.207799,6.4393218,11.61567,317.114751,6.682088,50.805741,7.68568,13.375684,7.106868
1839,-1.0327476,5.664736,7.159288800000001,11.225842,309.136343,6.999032,47.018932,7.531204,21.06488,5.850743
1838,-3.5643167,4.477893,7.1965048,11.128183,317.545677,11.3813,64.267553,7.543254,18.88008,5.253444
1837,-3.1963649,3.755768,7.094814,11.332072,318.5902,10.480576,60.234231,7.341775,16.838095,5.408869
1836,-5.3976468,4.169525,6.9932471000000005,11.246578,317.122068,14.124617,72.981659,6.72735,16.035879,5.818193
1835,-6.6660285,4.250815,6.5950659,11.154559,320.003873,10.760639,65.703685,6.786404,14.752473,5.716118
1834,-8.5160004,3.210759,6.2292000000000005,11.400402,323.913671,13.052405,72.653194,9.896344,16.254738,5.619455
1833,-2.3654394,3.640945,6.6638367,11.494797,319.291891,7.094258,50.547288,9.356289,15.308021,6.455811
1758,-1.7974209,5.567397,7.1777453,11.198436,313.731151,7.961964,51.567477,7.425504,18.752115,5.635989
1757,-2.4196516,3.730344,7.1262795,11.431724,321.249637,8.491398,53.428768,7.69401,17.407824,5.453128
1756,-3.9838314,3.809501,7.1046867,11.413986,318.515463,11.427952,63.642992,7.183171,16.256117,5.617422
1755,-5.1390594,4.092793,6.9103525,11.303646,319.192063,12.196565,66.50388,6.635721,14.974553,6.060357
1754,-9.9272439,3.415213,6.2988523,11.404785,324.796894,12.950935,73.191599,8.516087,14.729141,5.973923
1753,-2.9366461,3.267148,6.7114665,11.438911,322.965403,7.842459,54.337719,9.935611,16.122922,5.855062
1676,-3.2406036,4.410809,7.206354899999999,11.450665,320.301883,10.391483,61.594328,7.718545,17.984203,5.603702
1675,-3.0695521,3.32105,7.1382715,11.642047,323.06408,9.379342,56.826625,7.748429,16.332202,5.390099
1674,-4.075253399999999,3.789227,7.085390800000001,11.478251,319.929897,10.998487,61.791662,7.018487,15.404269,5.929919
1673,-4.7298758,3.545194,6.876627000000001,11.446386,324.679955,10.430198,60.476718,7.606218,14.672473,6.58028
1672,-4.8608811,3.084273,6.616348,11.486843,325.9788,9.372764,60.558839,9.411624,15.262103,5.887819
1671,-2.9019408,2.749217,6.720574399999999,11.867334,331.231787,7.232938,51.240779,7.857817,12.296897,6.893909
1594,-4.0734225,3.1474,7.218209400000001,11.730279,327.605525,11.778094,67.810772,8.130328,17.203752,5.87937
1593,-3.6306093,3.336694,7.1338656,11.684353,322.428551,9.797743,58.455488,7.810484,15.752564,5.601618
1592,-3.8450466,3.534447,7.0490223,11.547513,322.447047,9.916807,57.440151,7.291746,15.265729,6.037644
1591,-4.8432678000000005,2.708017,6.8005168,11.61573,332.155454,10.122002,60.520788,8.886497,14.664675,8.115404
1590,-4.0555624,2.583827,6.6174637,11.830946,333.937063,8.780999,58.149999,8.061075,12.577872,7.076678
1514,-0.1596319,3.009457,6.987649500000001,11.813642,328.217019,5.869757,47.449726,8.1317,17.194367,6.056818
1513,-2.8388121,2.887715,7.1395287,11.833553,327.119152,8.822634,57.252656,8.408149,16.770617,5.62071
1512,-2.5113428,3.310951,7.0714191,11.705221,322.651155,7.383107,48.974167,7.709185,15.453269,5.76557
1511,-2.7220022,2.73295,6.963283,11.724781,330.145471,7.223199,46.680439,8.329967,14.814792,6.5884
1510,-3.6483367,2.533182,6.845184999999999,11.729316,334.9262,8.127464,53.819606,8.172063,13.118572,7.529886
1509,-3.2742461,2.517273,6.7873997,11.930453,335.013286,6.627663,50.943115,7.752949,11.955434,7.330539
1432,-2.0633285,2.773067,7.0272158000000005,11.819194,329.377994,9.251558,62.552877,8.280291,17.040191,6.060675
1429,-3.6721325,2.53669,6.982682800000001,11.766628,334.120745,8.380056,51.041607,8.174883,14.057587,7.145584
1428,-3.4866442,2.375834,6.812647200000001,11.863458,337.643519,6.996522,50.986804,7.723522,12.229531,7.89755
1350,-0.158606,2.597619,6.921879199999999,11.860988,328.754817,5.628912,48.802773,8.368256,16.390207,6.045398
1348,-1.3434074,2.701257,6.9760173,11.832434,329.416451,4.440081,36.86375,7.724561,14.382488,6.281317
1270,0.6353763,2.471253,6.5148265,11.812397,331.915033,6.132596,50.419628,8.054729,15.950527,6.827944
1188,0.3850156999999999,2.186966,6.389844999999999,11.742365,333.165139,6.122414,50.153963,7.767729,15.173365,7.15018
