HID,CDD_present,CDD_future,outlier_marker
31165,256.90243,389.850306,f
33779,385.091032,421.076029,pf
33860,368.278155,408.247745,pf
33941,461.7943,556.407347,pf
34022,533.456267,684.869938,pf
34103,487.049991,618.394172,pf
34184,611.201125,862.588726,pf
34185,350.487457,381.449748,f
34265,793.169115,1291.360587,pf
34266,472.910022,596.744807,pf
34267,343.34792,375.216715,f
34346,697.257357,984.157283,pf
34347,436.592017,516.544673,pf
34427,795.106777,1228.234755,pf
34428,483.705581,587.65553,pf
34508,958.628882,1565.329564,pf
34509,639.201388,912.490988,pf
34510,475.08985,615.677459,pf
34589,771.311001,1166.705141,pf
34590,562.969983,740.409092,pf
34670,976.466157,1419.492745,pf
34671,707.068859,950.816477,pf
34672,432.783306,505.287869,pf
34751,1059.278265,1435.15914,pf
34752,838.339354,1168.152399,pf
34753,649.333457,871.618657,pf
34832,964.045965,1357.438745,pf
34833,743.2383,1017.724036,pf
34834,460.558848,525.00027,pf
34913,1063.533576,1376.427732,pf
34914,812.068124,1251.941709,pf
34915,612.378312,751.749826,pf
34916,432.382357,474.838575,pf
34994,1076.407365,1287.078721,pf
34995,899.330796,1305.990656,pf
34996,746.808959,1074.398619,pf
34997,515.567306,599.96783,pf
35075,1032.170977,1280.283496,pf
35076,815.124852,1362.529084,pf
35077,669.544467,775.380503,pf
35078,512.315376,611.396907,pf
35156,1085.825751,1226.168204,pf
35157,955.096373,1246.280812,pf
35158,812.189303,1053.676607,pf
35159,611.343745,715.603792,pf
35237,1041.674142,1120.190051,pf
35238,995.858564,1150.588086,pf
35239,887.782085,1150.106358,pf
35240,815.895229,856.36988,pf
35241,470.444247,498.787257,pf
35318,979.311127,1082.848212,pf
35319,1009.25635,1083.520741,pf
35320,805.710008,1043.934522,pf
35321,638.951312,815.851417,pf
35322,455.039083,467.339922,pf
35399,947.771667,971.080212,pf
35400,983.117468,1115.33668,pf
35401,855.815256,1098.94507,pf
35402,736.571243,971.230423,pf
35403,537.632153,557.508658,pf
35480,890.052337,888.535178,pf
35481,945.577127,1111.129332,pf
35482,923.258476,1113.154157,pf
35483,788.372901,1234.751882,pf
35484,643.722295,803.613185,pf
35485,513.121003,584.614009,pf
35561,878.972013,926.530194,pf
35562,921.839953,1113.226633,pf
35563,840.07552,1176.230846,pf
35564,734.318255,950.185832,pf
35565,586.118878,712.094468,pf
35642,813.996541,840.797698,pf
35643,913.910097,1050.380864,pf
35644,853.613988,1147.002222,pf
35645,817.064804,1105.32995,pf
35646,742.963178,1018.394303,pf
35647,455.314911,519.954358,pf
35723,689.248288,719.722429,pf
35724,838.378059,911.041436,pf
35725,847.262571,1005.141684,pf
35726,834.784885,1132.898346,pf
35727,756.454253,1035.687535,pf
35728,614.522938,763.116518,pf
35729,401.587859,400.181111,pf
35804,709.195285,768.677093,pf
35805,814.522916,942.870096,pf
35806,821.853632,1102.737343,pf
35807,779.681658,1092.821886,pf
35808,696.242225,951.979177,pf
35809,538.629401,559.117338,pf
35885,660.189462,702.401912,pf
35886,726.718514,817.186489,pf
35887,802.444934,1012.305931,pf
35888,807.531107,1106.311501,pf
35889,729.57327,1088.441116,pf
35890,612.453734,720.851073,pf
35891,474.80415,498.928341,pf
35966,581.810346,621.834238,pf
35967,691.91797,750.552993,pf
35968,753.952277,877.397498,pf
35969,773.891696,1022.56998,pf
35970,745.358948,1078.711394,pf
35971,681.136238,921.144973,pf
35972,556.916007,599.60656,pf
36047,642.836925,683.864095,pf
36048,692.840225,782.667018,pf
36049,759.468417,950.978543,pf
36050,749.946078,1024.703252,pf
36051,733.457901,1058.670519,pf
36052,615.589797,714.965778,pf
36053,417.606154,393.461511,pf
36128,556.36533,582.875994,pf
36129,651.520948,686.03172,pf
36130,713.205722,829.059152,pf
36131,761.735102,985.582316,pf
36132,723.577076,982.371676,pf
36133,665.668058,817.429021,pf
36134,546.568081,597.725629,pf
36209,506.943739,518.006452,pf
36210,576.111472,590.333347,pf
36211,672.978589,752.673189,pf
36212,728.705563,891.209585,pf
36213,727.562053,942.672062,pf
36214,708.33127,928.585109,pf
36215,627.220024,727.847645,pf
36216,429.144847,388.820501,pf
36290,537.701838,545.10397,pf
36291,609.001495,637.613664,pf
36292,655.724953,738.835565,pf
36293,688.37606,855.009605,pf
36294,717.927556,927.574764,pf
36295,657.911696,781.982367,pf
36296,508.777859,519.346392,pf
36371,481.48891,483.358423,pf
36372,543.935351,551.567916,pf
36373,605.039058,637.180749,pf
36374,676.572167,793.698137,pf
36375,697.042703,865.273293,pf
36376,642.470784,761.893804,pf
36377,584.849544,654.211446,pf
36378,477.023784,399.345962,pf
36452,462.494228,456.904675,pf
36453,506.743745,503.006943,pf
36454,570.46822,594.637736,pf
36455,624.360614,673.847902,pf
36456,652.465742,756.637052,pf
36457,638.934258,783.179382,pf
36458,636.291677,730.585612,pf
36459,476.61008,461.597453,pf
36533,462.419342,452.84847,pf
36534,513.997246,514.048782,pf
36535,563.749399,575.79117,pf
36536,596.851971,651.936996,pf
36537,638.207376,754.576421,pf
36538,602.030449,721.107552,pf
36539,463.138205,475.183081,pf
36540,378.456629,351.353151,p
36614,422.796953,401.012681,pf
36615,477.193624,462.039213,pf
36616,522.725004,512.6129,pf
36617,588.984208,612.274672,pf
36618,630.818438,683.560421,pf
36619,571.244812,713.247599,pf
36620,555.317045,616.137055,pf
36621,447.799287,417.997829,pf
36695,400.203677,374.314488,pf
36696,444.281228,416.550056,pf
36697,483.300413,463.747973,pf
36698,520.018889,504.768616,pf
36699,569.412017,608.286962,pf
36700,544.760259,625.998237,pf
36701,532.608311,647.469141,pf
36702,446.234176,452.770974,pf
36776,403.867341,375.201618,pf
36777,446.123211,419.270043,pf
36778,489.63524,466.650452,pf
36779,509.684813,517.231353,pf
36780,540.293175,587.057854,pf
36781,492.27955,648.092478,pf
36782,449.428804,494.087589,pf
36783,367.82387,370.772697,pf
36857,381.211799,360.530411,p
36858,416.66936,384.665115,pf
36859,454.630698,428.461183,pf
36860,489.125759,474.311422,pf
36861,511.111369,502.184538,pf
36862,486.148177,558.120347,pf
36863,443.71677,520.534871,pf
36864,397.68351,419.007557,pf
36939,388.609357,350.832973,p
36940,407.096028,370.272418,pf
36941,458.758422,423.315923,pf
36942,468.38284,456.163588,pf
36943,445.788595,481.563579,pf
36944,449.468897,518.796155,pf
36945,401.284463,444.606308,pf
37020,378.505107,338.078801,p
37021,427.354598,390.017978,pf
37022,439.440549,419.965029,pf
37023,439.50863,450.195841,pf
37024,380.433895,409.457212,pf
37025,388.828677,444.512368,pf
37102,386.764813,354.829038,p
37103,404.59776,374.756667,pf
37104,420.948513,410.193366,pf
37105,391.957463,425.737472,pf
37106,398.829552,451.476646,pf
37107,329.611616,371.207654,f
37184,368.871179,337.391937,p
37185,389.672416,377.500931,pf
37186,387.109069,412.499772,pf
37187,361.48057,405.021526,f
37188,367.001963,410.27667,pf
37268,322.793359,377.172185,f
37349,321.406344,370.763211,f
47235,300.513951,370.681441,f
47316,294.302488,372.01429,f
47317,308.463683,371.46159,f
47397,291.660503,369.926222,f
47398,303.491112,381.300988,f
47399,304.985539,367.773599,f
47478,305.992987,402.9836,f
47479,311.589331,387.231037,f
47480,308.028398,366.053462,f
47559,300.15712,379.986519,f
47560,309.601906,398.048215,f
47561,325.268745,388.04029,f
47640,298.699313,369.106786,f
47641,310.76985,400.583746,f
47642,323.311316,399.66578,f
47643,322.079942,375.147481,f
47721,305.406526,373.112912,f
47722,326.695166,413.393943,f
47723,326.876666,394.835554,f
47724,313.593912,365.732998,f
47802,300.883678,369.763969,f
47803,319.583988,405.94061,f
47804,327.914557,427.872598,f
47805,331.663064,387.201592,f
47883,291.536002,365.205621,f
47884,311.089227,389.095474,f
47885,332.457051,420.297671,f
47886,333.490512,403.043869,f
47887,322.306502,371.638696,f
47964,305.078524,378.114698,f
47965,337.081374,427.491162,f
47966,340.119062,414.50697,f
47967,337.10626,393.755756,f
47968,314.70733,368.220996,f
48046,326.706517,401.592125,f
48047,341.820086,419.037257,f
48048,349.878439,406.20003,f
48049,330.623525,383.860464,f
48050,313.172293,371.639109,f
48127,324.770382,391.393503,f
48128,339.481811,424.151255,f
48129,352.636175,413.61604,f
48130,348.858106,401.491198,f
48131,326.306889,381.344632,f
48132,305.19774,367.184782,f
48207,312.058006,367.827485,f
48208,331.050148,401.197334,f
48209,350.125949,413.254733,f
48210,360.430404,404.732759,f
48211,341.61343,396.452315,f
48212,325.448102,378.560933,f
48213,309.994681,368.381278,f
48289,326.18194,389.581397,f
48290,344.260779,408.115403,f
48291,357.689638,410.803875,f
48292,346.223538,405.75692,f
48293,335.053255,387.148662,f
48294,317.366904,376.151883,f
48370,318.656322,365.629312,f
48371,340.857983,402.001774,f
48372,358.983749,414.362737,f
48373,356.781277,408.020258,f
48374,350.618499,420.63879,f
48375,335.683557,391.006603,f
48376,313.265183,369.590703,f
48451,330.685989,382.354145,f
48452,361.842699,400.697232,f
48453,358.501194,408.610111,f
48454,358.867954,422.215154,f
48455,348.641514,410.916677,f
48456,334.532089,397.550772,f
48457,310.75662,367.521844,f
48532,320.966953,366.470261,f
48533,350.936184,394.097149,f
48534,362.858049,410.71365,f
48535,366.756446,411.916614,pf
48536,356.342237,429.189787,f
48537,351.365214,418.817909,f
48538,326.490249,387.074388,f
48614,343.481023,401.225591,f
48615,365.190506,386.144248,pf
48616,376.952485,421.682634,pf
48617,372.158569,428.407093,pf
48618,356.713582,428.721171,f
48619,348.617116,412.336659,f
48620,320.772873,382.099596,f
48694,324.137504,370.079494,f
48695,354.95103,400.168561,f
48696,370.378085,411.423391,pf
48697,373.118848,412.35892,pf
48698,376.300975,439.27098,pf
48699,363.013538,445.793707,f
48700,332.075434,395.910687,f
48701,308.979397,372.220481,f
48776,343.840702,459.912211,f
48777,365.88541,403.442152,pf
48778,379.565147,422.488497,pf
48779,382.198612,434.969683,pf
48780,374.948776,451.799684,pf
48781,356.511421,445.685807,f
48782,330.438241,402.109875,f
48857,323.398584,366.562282,f
48858,353.65733,405.033354,f
48859,378.232237,413.338765,pf
48860,388.969272,439.504143,pf
48861,390.414122,473.098822,pf
48862,363.897151,458.371152,f
48863,345.751894,433.521372,f
48864,318.524291,384.737212,f
48938,336.790151,381.518335,f
48939,371.039615,418.443451,pf
48940,386.450846,434.677589,pf
48941,410.205048,490.243195,pf
48942,390.414049,482.04875,pf
48943,360.657428,464.877917,f
48944,333.631937,407.515962,f
49020,363.821201,418.938719,f
49021,384.424824,433.203993,pf
49022,408.122991,475.818932,pf
49023,409.794268,497.35106,pf
49024,378.593659,494.2308,pf
49025,350.308943,451.973233,f
49026,316.531652,381.821722,f
49101,346.354869,389.09837,f
49102,371.724788,434.200312,pf
49103,409.389121,451.157377,pf
49104,415.542844,496.512867,pf
49105,396.22255,516.101262,pf
49106,366.865323,488.250382,pf
49107,340.614957,438.508457,f
49108,306.553946,365.737563,f
49182,364.566379,417.309164,f
49183,398.874308,451.705999,pf
49184,433.218164,475.924471,pf
49185,413.046122,521.232074,pf
49186,380.25177,511.346497,pf
49187,351.345635,466.878227,f
49188,326.52503,390.99368,f
49263,346.919049,373.772901,f
49264,376.17046,437.566777,pf
49265,417.486872,478.590142,pf
49266,419.037624,496.694034,pf
49267,405.731948,590.094142,pf
49268,380.702044,509.177125,pf
49269,334.158727,422.563746,f
49270,308.779011,373.546632,f
49345,362.921745,414.51976,f
49346,403.290271,474.562896,pf
49347,421.031512,484.264772,pf
49348,419.001699,544.714545,pf
49349,389.975876,534.855472,pf
49350,353.369666,475.203746,f
49351,333.831216,410.704283,f
49425,338.649141,377.489144,f
49426,381.76184,443.760353,pf
49427,413.532673,486.407693,pf
49428,429.228704,513.356776,pf
49429,409.774824,565.763095,pf
49430,376.900095,505.466871,pf
49431,341.60843,434.56649,f
49507,373.024525,435.101876,pf
49508,397.595696,464.030629,pf
49509,427.17146,503.473233,pf
49510,422.497577,530.040401,pf
49511,388.982956,517.878828,pf
49512,362.460209,490.386557,f
49513,333.048931,398.143766,f
49588,346.077006,391.206123,f
49589,379.904871,446.31285,pf
49590,415.817558,494.50091,pf
49591,433.687472,496.90592,pf
49592,408.055876,528.634842,pf
49593,381.405309,502.083681,pf
49594,344.082543,428.270458,f
49595,320.715813,368.71849,f
49669,364.5182,431.532366,f
49670,401.847339,472.877798,pf
49671,420.953662,497.034875,pf
49672,421.857985,524.327911,pf
49673,386.52809,515.854356,pf
49674,372.172759,478.218303,pf
49675,342.24103,415.898651,f
49750,341.971949,384.31541,f
49751,390.642445,456.845182,pf
49752,414.408856,475.665989,pf
49753,423.425676,518.968998,pf
49754,424.53912,533.549093,pf
49755,386.829768,491.826911,pf
49756,356.000032,434.518948,f
49757,332.100305,380.309808,f
49832,360.473583,411.168345,f
49833,398.073975,473.416126,pf
49834,418.861437,505.450787,pf
49835,434.362621,538.549752,pf
49836,409.725753,515.328928,pf
49837,374.07032,438.36733,pf
49838,345.274362,411.017831,f
49912,342.285696,382.41904,f
49913,387.343365,463.823621,pf
49914,409.588217,491.030984,pf
49915,425.307195,530.354652,pf
49916,432.109412,534.328591,pf
49917,399.723607,467.877829,pf
49918,364.600267,419.727299,f
49994,372.008328,435.805721,pf
49995,397.706424,476.46131,pf
49996,422.958629,515.741527,pf
49997,432.303989,521.103488,pf
49998,410.401459,483.178216,pf
49999,385.203771,417.970878,pf
50000,359.084799,389.272862,f
50075,347.614458,383.743248,f
50076,386.759481,454.420605,pf
50077,417.769037,508.919378,pf
50078,421.359197,536.782199,pf
50079,430.559718,501.244151,pf
50080,400.712703,448.867881,pf
50081,368.958197,406.441877,pf
50156,376.599742,437.787645,pf
50157,396.821287,473.794708,pf
50158,424.045209,519.344202,pf
50159,434.58938,522.172922,pf
50160,420.954173,448.725699,pf
50161,399.813744,447.846644,pf
50162,360.545887,389.942584,f
50237,350.671076,382.376614,f
50238,394.888459,456.934144,pf
50239,403.283468,527.211246,pf
50240,435.133091,525.227869,pf
50241,436.653298,503.904686,pf
50242,410.442305,455.969677,pf
50243,369.899124,420.75296,pf
50244,354.4382,390.764958,f
50319,362.934914,400.035669,f
50320,406.106472,478.975099,pf
50321,429.118657,520.363503,pf
50322,457.289412,539.208741,pf
50323,433.280639,486.99356,pf
50324,400.474051,443.822818,pf
50325,361.861675,406.15084,f
50399,351.141632,372.931891,f
50400,401.921739,453.28866,pf
50401,418.726097,495.902392,pf
50402,448.397725,539.487638,pf
50403,450.283623,523.582835,pf
50404,416.315769,451.144214,pf
50405,381.726795,433.55357,pf
50406,348.476015,387.637575,f
50481,381.87752,403.339923,pf
50482,409.643055,467.323919,pf
50483,438.851774,515.782523,pf
50484,459.156285,542.552077,pf
50485,435.580938,493.932135,pf
50486,410.506923,447.093821,pf
50487,363.68939,403.356845,f
50488,324.082073,379.895201,f
50563,400.775342,437.58825,pf
50564,434.540797,492.587877,pf
50565,446.067812,523.14093,pf
50566,445.817688,523.828119,pf
50567,423.012081,465.364458,pf
50568,390.103548,438.489043,pf
50569,361.413379,395.247093,f
50643,381.076841,377.579197,pf
50644,424.824769,462.14862,pf
50645,441.825007,511.319377,pf
50646,450.1148,524.593119,pf
50647,445.832137,521.671482,pf
50648,409.351224,449.198655,pf
50649,378.920051,412.945047,pf
50650,336.326905,376.810101,f
50725,400.450823,411.280975,pf
50726,443.646233,482.090375,pf
50727,450.763293,534.967306,pf
50728,453.831799,530.573541,pf
50729,434.116053,503.02098,pf
50730,401.952469,459.738889,pf
50731,358.871657,393.927942,f
50807,425.365472,449.59479,pf
50808,441.031172,493.401811,pf
50809,455.127042,542.40827,pf
50810,446.203179,527.791666,pf
50811,416.429872,478.596616,pf
50812,382.710977,423.658007,pf
50887,389.585341,380.683243,pf
50888,425.68126,451.806821,pf
50889,447.375329,515.826666,pf
50890,450.283633,533.669625,pf
50891,430.656721,496.732828,pf
50892,407.685416,474.302116,pf
50893,354.852387,387.538648,f
50968,367.836871,360.949505,p
50969,407.344456,419.270422,pf
50970,431.601637,456.832262,pf
50971,453.244839,548.482914,pf
50972,441.808894,508.452279,pf
50973,422.322234,475.740542,pf
50974,370.233505,401.415848,pf
51050,374.969282,367.302419,pf
51051,406.96726,418.237513,pf
51052,436.292039,485.138381,pf
51053,443.960264,516.534016,pf
51054,438.68045,497.654435,pf
51055,404.53316,439.245687,pf
51056,344.97878,370.440212,f
51131,392.78068,406.035423,pf
51132,425.635094,412.506787,pf
51133,434.371832,496.841848,pf
51134,442.375871,510.293835,pf
51135,421.884132,463.850821,pf
51136,380.031115,376.915596,pf
51213,390.019541,397.288483,pf
51214,424.496993,468.445108,pf
51215,448.881056,542.950622,pf
51216,433.050305,492.858831,pf
51217,401.484783,417.698277,pf
51294,374.159544,381.575008,pf
51295,400.60718,420.55591,pf
51296,423.316271,480.892587,pf
51297,435.966347,506.640769,pf
51298,412.913498,425.791491,pf
51299,379.116747,384.178902,pf
51375,388.204868,405.425418,pf
51376,397.228582,432.856227,pf
51377,422.494118,478.478287,pf
51378,422.199386,449.321627,pf
51379,404.525705,409.019607,pf
51457,378.848119,403.216659,pf
51458,405.575754,450.254763,pf
51459,413.617996,440.609489,pf
51460,414.449296,422.387215,pf
51539,380.818335,403.124467,pf
51540,401.889334,435.941745,pf
51541,417.330359,429.051809,pf
51542,379.339155,366.383783,pf
51619,359.021519,366.018349,f
51620,380.046802,409.432405,pf
51621,409.758508,429.178695,pf
51622,402.448986,401.238752,pf
51701,361.136976,381.079439,f
51702,385.954631,427.752848,pf
51703,406.264246,412.823641,pf
51704,368.876978,336.255977,p
51783,371.262822,402.900742,pf
51784,390.244189,403.631933,pf
51785,379.875452,356.118588,p
51864,372.510754,397.47371,pf
51865,380.036584,361.336538,p
51946,366.173665,356.810683,p
51947,383.974652,352.26104,p
108108,281.839099,367.98799,f
108189,287.953665,371.435069,f
108269,287.404838,371.547078,f
108270,295.495149,389.73449,f
108271,295.034347,375.978049,f
108349,281.817236,365.737881,f
108350,288.454253,377.827862,f
108351,302.38565,390.420725,f
108352,303.954933,410.778586,f
108353,297.111843,379.071207,f
108354,297.971602,370.655906,f
108431,285.649943,367.947948,f
108432,302.551232,410.061171,f
108433,301.67817,402.772445,f
108434,304.706101,404.772493,f
108435,302.248286,386.252911,f
108511,281.953061,370.204613,f
108512,298.138482,404.418754,f
108513,306.620461,416.118956,f
108514,314.755457,440.742966,f
108515,312.520885,423.506754,f
108516,312.343152,406.628681,f
108517,309.233058,383.463712,f
108592,272.763263,369.824798,f
108593,287.109671,381.058339,f
108594,312.026141,450.057016,f
108595,317.428836,461.692237,f
108596,316.171202,446.52657,f
108597,321.897379,442.669747,f
108598,308.758558,397.439564,f
108599,305.388581,365.598257,f
108674,279.740832,377.155912,f
108675,305.858095,433.763224,f
108676,316.633422,457.682925,f
108677,322.913312,473.244324,f
108678,323.623965,460.867487,f
108679,321.015066,431.433263,f
108680,317.605592,400.184341,f
108754,269.995459,370.177411,f
108755,294.49088,407.457204,f
108756,314.355839,457.234556,f
108757,330.209945,497.050597,f
108758,333.42067,498.083094,f
108759,333.791953,488.96789,f
108760,334.968587,450.609476,f
108761,327.841571,414.356655,f
108836,273.151414,378.078811,f
108837,308.866782,447.754022,f
108838,326.694685,490.221618,f
108839,341.197595,523.73909,f
108840,343.221039,516.797984,f
108841,334.734818,472.90214,f
108842,343.567031,445.811783,f
108843,339.427884,417.281175,f
108918,291.803594,419.856289,f
108919,317.680789,471.819229,f
108920,347.701016,550.968677,f
108921,349.662612,529.481739,f
108922,341.033861,527.824267,f
108923,350.544095,501.207477,f
108924,338.500602,451.357478,f
108925,339.677741,390.901493,f
108998,272.652641,384.022657,f
108999,307.171004,449.392975,f
109000,338.745466,528.475897,f
109001,346.988418,544.675165,f
109002,353.88671,533.595117,f
109003,366.355363,550.871898,pf
109004,363.946178,521.815778,f
109005,359.143014,467.723707,f
109006,353.801196,421.701611,f
109080,288.661919,412.905003,f
109081,323.327698,500.002457,f
109082,351.94611,569.524792,f
109083,370.599967,562.844152,pf
109084,365.390748,539.755635,pf
109085,363.350648,561.040018,f
109086,382.951062,552.190744,pf
109087,360.591156,461.627294,f
109088,367.216186,428.435639,pf
109161,274.026579,390.699057,f
109162,302.988022,447.941199,f
109163,349.756361,577.257956,f
109164,363.72857,573.968331,f
109165,370.12129,540.28565,pf
109166,389.111691,587.121847,pf
109167,376.490339,569.679945,pf
109168,379.779134,532.762205,pf
109169,372.460517,467.869424,pf
109170,361.677071,384.755139,f
109242,281.30798,378.186622,f
109243,327.407451,513.906368,f
109244,351.409942,564.279998,f
109245,377.723641,580.752549,pf
109246,388.911065,572.982458,pf
109247,398.094716,600.649909,pf
109248,416.806514,637.019227,pf
109249,400.2982,556.558797,pf
109250,394.742863,503.209663,pf
109251,360.440187,400.238553,f
109323,260.411402,373.356066,f
109324,295.017691,439.491005,f
109325,341.757618,543.290079,f
109326,384.749892,608.517535,pf
109327,389.539063,591.052743,pf
109328,420.334351,610.949613,pf
109329,415.11414,647.553352,pf
109330,423.606119,658.927627,pf
109331,418.898494,565.282809,pf
109332,390.020682,477.129534,pf
109333,360.721678,395.528327,f
109334,339.40296,366.677005,f
109405,274.927859,402.499924,f
109406,321.32312,513.906475,f
109407,351.222055,552.8518,f
109408,398.791523,632.30097,pf
109409,413.364883,612.218867,pf
109410,415.981215,620.146943,pf
109411,438.635651,701.210216,pf
109412,435.405716,646.847972,pf
109413,410.648883,538.631596,pf
109414,403.793191,497.490286,pf
109415,352.253138,382.526912,f
109485,255.14908,381.222072,f
109486,298.561302,447.786544,f
109487,331.499516,525.192034,f
109488,378.215814,592.546001,pf
109489,404.633392,609.012709,pf
109490,425.492671,633.069813,pf
109491,447.19434,687.186843,pf
109492,458.925849,704.123862,pf
109493,444.431209,647.360766,pf
109494,414.537807,539.800023,pf
109495,391.545544,458.478714,pf
109496,364.676957,390.924005,f
109497,361.760005,370.577751,f
109567,270.914701,392.944125,f
109568,316.970148,487.274979,f
109569,366.549266,572.477036,pf
109570,390.76982,601.819112,pf
109571,429.377086,617.587462,pf
109572,447.348492,663.455569,pf
109573,472.899425,724.291912,pf
109574,496.304996,745.981265,pf
109575,468.177116,663.852089,pf
109576,446.757324,577.287905,pf
109577,419.325252,503.961659,pf
109578,386.341013,401.068726,pf
109579,371.750556,370.368183,pf
109649,295.88255,432.401921,f
109650,325.630294,498.749653,f
109651,376.850681,585.089906,pf
109652,411.556362,601.108227,pf
109653,434.872681,640.022791,pf
109654,479.872077,732.693467,pf
109655,501.407045,732.549638,pf
109656,476.820438,755.72945,pf
109657,503.63966,698.837885,pf
109658,441.075558,552.750176,pf
109659,417.838716,457.984627,pf
109660,387.265144,387.194183,pf
109661,381.217827,364.745689,p
109729,265.687332,378.581033,f
109730,301.765534,445.436682,f
109731,360.937607,557.630262,f
109732,391.536393,588.671488,pf
109733,428.782908,619.790731,pf
109734,469.808896,674.438311,pf
109735,489.129157,725.214964,pf
109736,523.335435,762.734214,pf
109737,519.678577,759.852547,pf
109738,489.579192,661.1013,pf
109739,453.213682,549.693795,pf
109740,447.728754,529.833444,pf
109741,415.723052,392.498043,pf
109742,394.316008,374.381726,pf
109743,395.269559,374.81694,pf
109811,285.018685,408.348142,f
109812,335.631409,512.43277,f
109813,364.500532,553.502786,f
109814,407.9589,606.192214,pf
109815,448.537121,638.032873,pf
109816,491.460692,702.34821,pf
109817,567.97277,813.485659,pf
109818,556.075528,815.236209,pf
109819,566.258035,853.528065,pf
109820,523.880855,708.581071,pf
109821,480.80932,615.663005,pf
109822,463.475904,516.745744,pf
109823,412.485266,390.47743,pf
109824,413.18411,389.763045,pf
109825,379.397877,360.031928,p
109892,259.433015,369.03616,f
109893,289.143395,418.258349,f
109894,339.477923,507.572328,f
109895,382.735543,571.575171,pf
109896,421.788671,622.843311,pf
109897,478.377133,667.551106,pf
109898,512.915899,718.946323,pf
109899,577.58225,777.460073,pf
109900,609.097388,896.353024,pf
109901,554.572976,813.86425,pf
109902,494.233329,655.541244,pf
109903,482.938929,581.394475,pf
109904,474.977404,499.405652,pf
109905,442.039424,411.856789,pf
109906,429.394778,406.526468,pf
109907,388.579598,370.880221,pf
109973,265.286355,376.843681,f
109974,321.763114,471.548817,f
109975,356.97525,538.523738,f
109976,398.481575,598.576313,pf
109977,454.498169,638.368233,pf
109978,493.523792,676.809977,pf
109979,575.835242,786.229997,pf
109980,607.71001,871.166026,pf
109981,611.827077,940.686538,pf
109982,575.013442,829.317555,pf
109983,524.78206,715.090013,pf
109984,515.595851,565.124602,pf
109985,506.12059,510.873432,pf
109986,453.377935,424.477612,pf
109987,464.619513,441.235374,pf
109988,398.444616,388.31539,pf
110055,298.007594,426.948106,f
110056,326.738285,481.319436,f
110057,370.748588,548.359701,pf
110058,413.102352,592.312568,pf
110059,476.464066,649.176532,pf
110060,579.250159,767.902756,pf
110061,609.933087,839.120663,pf
110062,673.518255,996.310708,pf
110063,642.123542,1012.460987,pf
110064,548.996337,771.471717,pf
110065,566.406433,712.44152,pf
110066,502.287741,537.944245,pf
110067,528.850941,486.715759,pf
110068,493.087604,469.543337,pf
110069,466.816294,442.613418,pf
110070,392.696807,385.176685,pf
110137,301.923618,425.407878,f
110138,341.837936,502.052542,f
110139,386.679482,564.123745,pf
110140,440.545758,589.800435,pf
110141,497.407945,669.307894,pf
110142,612.322771,761.311686,pf
110143,669.136218,974.946212,pf
110144,662.548209,1010.576471,pf
110145,656.209246,992.427719,pf
110146,593.929388,889.739728,pf
110147,567.933128,685.02295,pf
110148,567.379418,563.325192,pf
110149,576.23845,534.339253,pf
110150,498.639759,473.794818,pf
110151,463.702361,440.249426,pf
110152,450.550001,441.658386,pf
110217,285.124424,393.51077,f
110218,318.934135,458.504305,f
110219,355.754723,547.528978,f
110220,410.407286,577.422567,pf
110221,460.165704,629.526124,pf
110222,560.29555,731.283539,pf
110223,643.275122,900.486774,pf
110224,712.288567,1042.150225,pf
110225,696.568661,1130.718527,pf
110226,649.488576,991.321567,pf
110227,615.773054,882.990081,pf
110228,642.952043,740.571202,pf
110229,571.014871,523.582013,pf
110230,563.87044,530.816893,pf
110231,573.820792,567.006188,pf
110232,482.572778,470.316633,pf
110233,404.227002,397.689579,pf
110299,290.014786,400.786128,f
110300,336.568191,481.05884,f
110301,365.211259,518.512401,pf
110302,431.946194,585.421192,pf
110303,530.678544,707.756388,pf
110304,598.407563,772.105974,pf
110305,703.201608,1015.853665,pf
110306,730.950564,1139.351589,pf
110307,688.37735,1104.812546,pf
110308,642.630852,985.139965,pf
110309,639.643746,855.488096,pf
110310,615.894789,621.173555,pf
110311,667.259001,631.81065,pf
110312,613.894026,603.252215,pf
110313,561.248908,544.614881,pf
110314,491.020857,475.506603,pf
110315,448.196981,431.628709,pf
110381,313.284199,427.9983,f
110382,347.51851,487.525402,f
110383,398.20198,558.483281,pf
110384,446.646758,601.972368,pf
110385,550.536414,748.887896,pf
110386,658.593693,902.388852,pf
110387,716.137576,1056.465492,pf
110388,741.980003,1290.812762,pf
110389,714.898932,1234.434002,pf
110390,670.403142,1125.572395,pf
110391,689.136557,786.324184,pf
110392,697.291904,686.94114,pf
110393,683.544998,652.680183,pf
110394,649.522337,645.913448,pf
110395,578.651536,582.43219,pf
110396,499.616452,469.247428,pf
110397,397.640634,383.537586,pf
110461,281.253138,384.886825,f
110462,327.316408,432.159117,f
110463,363.52118,494.263685,f
110464,406.302219,561.737083,pf
110465,512.725603,690.288035,pf
110466,586.602337,777.273614,pf
110467,726.424665,1052.253294,pf
110468,759.03369,1274.435269,pf
110469,748.784349,1329.222196,pf
110470,727.475392,1244.710498,pf
110471,706.369727,914.609689,pf
110472,706.775587,747.172201,pf
110473,734.092416,711.445506,pf
110474,696.957004,699.355599,pf
110475,671.834367,699.186963,pf
110476,568.662031,514.616785,pf
110477,498.035652,471.419025,pf
110478,443.688702,424.526477,pf
110543,298.8732,401.158719,f
110544,339.246808,460.882104,f
110545,385.153936,524.305405,pf
110546,456.044406,592.595223,pf
110547,523.2079,704.395019,pf
110548,641.483187,874.151992,pf
110549,725.325309,1140.943274,pf
110550,766.973774,1353.689887,pf
110551,766.349059,1341.20849,pf
110552,777.31946,1285.571584,pf
110553,790.444243,715.441826,pf
110554,774.417455,797.718441,pf
110555,772.025798,808.802826,pf
110556,756.251007,776.363417,pf
110557,702.29396,718.830722,pf
110558,597.642637,577.597224,pf
110559,527.817397,497.95057,pf
110560,389.214398,398.934564,pf
110625,309.817144,411.739083,f
110626,354.235859,460.649734,f
110627,387.929468,521.267315,pf
110628,457.71879,595.332956,pf
110629,566.289821,739.701406,pf
110630,673.645746,954.12091,pf
110631,773.156213,1362.400473,pf
110632,796.806583,1473.547436,pf
110633,840.870822,1525.042679,pf
110634,815.164128,1158.192901,pf
110635,836.544521,996.983924,pf
110636,802.866204,842.472026,pf
110637,805.823496,869.308641,pf
110638,759.656145,795.509897,pf
110639,705.585864,734.82424,pf
110640,595.281862,577.894922,pf
110641,494.503361,465.42086,pf
110642,380.93148,397.099532,pf
110705,284.914495,376.820476,f
110706,325.163018,427.491689,f
110707,358.214482,467.806065,f
110708,424.63697,559.520621,pf
110709,503.787487,665.228673,pf
110710,602.215755,790.562883,pf
110711,723.361735,1171.27266,pf
110712,787.247193,1425.800143,pf
110713,863.187532,1631.798609,pf
110714,827.627612,1352.950785,pf
110715,841.992433,1085.859298,pf
110716,883.790228,936.866057,pf
110717,849.498311,968.428815,pf
110718,851.426109,957.313154,pf
110719,853.005277,931.357514,pf
110720,712.090169,729.125383,pf
110721,608.738037,601.346193,pf
110722,500.328131,492.354138,pf
110723,383.003759,396.509894,pf
110787,299.83777,395.294792,f
110788,340.798377,440.580972,f
110789,392.382823,516.424115,pf
110790,433.999752,572.751637,pf
110791,547.09942,706.638025,pf
110792,669.72441,977.313732,pf
110793,764.842892,1338.614691,pf
110794,843.445749,1628.895169,pf
110795,876.377708,1635.419983,pf
110796,872.898835,1270.114095,pf
110797,876.318114,1070.159602,pf
110798,873.082359,1003.778708,pf
110799,908.396279,1085.839425,pf
110800,894.239609,1045.900166,pf
110801,766.084151,815.614761,pf
110802,704.487513,680.16518,pf
110803,586.241758,559.543871,pf
110804,448.171834,456.914235,pf
110869,312.072002,397.106076,f
110870,340.559667,436.758883,f
110871,392.204778,516.913185,pf
110872,485.107201,636.050141,pf
110873,576.137758,786.569437,pf
110874,715.688442,1105.754449,pf
110875,779.501376,1453.133188,pf
110876,871.197229,1716.510382,pf
110877,912.740172,1566.31612,pf
110878,866.185303,1173.620007,pf
110879,919.773432,1076.719016,pf
110880,966.790103,1172.337101,pf
110881,904.879929,1108.840156,pf
110882,886.330261,1013.023956,pf
110883,827.5771,795.2779,pf
110884,704.885217,695.488261,pf
110885,568.164914,554.007714,pf
110886,409.471054,418.044863,pf
110949,288.568236,367.233796,f
110950,317.297014,406.244474,f
110951,366.788287,476.109437,pf
110952,422.362714,567.92427,pf
110953,504.277938,625.751656,pf
110954,628.835831,921.289848,pf
110955,753.727008,1279.343115,pf
110956,889.173549,1856.370156,pf
110957,903.867141,1728.936964,pf
110958,918.417593,1435.479442,pf
110959,926.866148,1191.346482,pf
110960,962.519826,1181.566792,pf
110961,975.719213,1192.277984,pf
110962,956.831748,1213.752007,pf
110963,908.919562,1042.823704,pf
110964,813.75424,794.052165,pf
110965,676.623872,677.053198,pf
110966,516.824156,517.994228,pf
110967,369.764461,373.510965,pf
111031,300.119504,377.723724,f
111032,343.10042,457.494601,f
111033,372.247687,489.206458,pf
111034,449.817389,611.792785,pf
111035,563.709204,784.567255,pf
111036,692.669827,1046.986086,pf
111037,825.081681,1603.971811,pf
111038,911.89543,1945.074965,pf
111039,945.16918,1664.471875,pf
111040,969.972544,1455.878205,pf
111041,949.207618,1207.429941,pf
111042,972.787877,1197.796303,pf
111043,1009.375591,1318.720791,pf
111044,927.237852,1162.62502,pf
111045,886.560705,931.159434,pf
111046,780.329456,771.592222,pf
111047,662.389603,635.918242,pf
111048,439.041937,422.944659,pf
111113,301.745269,385.002778,f
111114,344.798609,462.224806,f
111115,405.014403,559.795887,pf
111116,476.79307,632.003464,pf
111117,586.706894,849.015718,pf
111118,689.57089,1162.617344,pf
111119,876.957463,1787.770349,pf
111120,972.350538,1868.923046,pf
111121,971.006612,1680.072828,pf
111122,962.15328,1366.363225,pf
111123,1008.807901,1302.661787,pf
111124,1031.719793,1294.4589,pf
111125,1015.896928,1345.582088,pf
111126,929.463547,1171.720296,pf
111127,884.328085,966.735995,pf
111128,797.149137,781.474614,pf
111129,596.660653,591.84511,pf
111130,426.162058,419.24512,pf
111193,291.714997,365.563029,f
111194,327.946883,447.430246,f
111195,364.456666,488.772721,f
111196,417.017934,619.280627,pf
111197,516.365898,709.946436,pf
111198,639.025891,1014.14757,pf
111199,798.62533,1575.909284,pf
111200,903.957509,1830.93535,pf
111201,1019.141145,1906.962653,pf
111202,995.640793,1552.049922,pf
111203,1035.18504,1468.983388,pf
111204,1019.939331,1327.26321,pf
111205,1054.483951,1404.719951,pf
111206,1045.059091,1410.416812,pf
111207,925.244096,1138.818553,pf
111208,856.249068,860.219558,pf
111209,702.310577,677.409066,pf
111210,545.996714,541.265131,pf
111275,306.737853,390.954062,f
111276,332.117759,454.102773,f
111277,385.452265,540.02794,pf
111278,464.371884,633.928858,pf
111279,551.382521,778.747646,pf
111280,716.623895,1312.751475,pf
111281,841.693263,1718.707937,pf
111282,969.605412,1959.561589,pf
111283,1008.92631,1848.402157,pf
111284,1042.405063,1571.984405,pf
111285,1074.666489,1415.979705,pf
111286,1102.721218,1483.591374,pf
111287,1061.852624,1461.048779,pf
111288,991.317419,1458.450912,pf
111289,911.587496,1007.211032,pf
111290,862.884102,898.064649,pf
111291,687.800949,713.841127,pf
111292,452.281445,439.168295,pf
111357,307.020768,402.429707,f
111358,366.044199,506.913594,pf
111359,401.927348,567.571845,pf
111360,491.157872,697.60122,pf
111361,586.459324,920.231857,pf
111362,778.657741,1509.341985,pf
111363,922.52041,1914.623662,pf
111364,981.785696,1969.733394,pf
111365,1031.836578,1665.64528,pf
111366,1133.847343,1573.199758,pf
111367,1146.224873,1517.353502,pf
111368,1103.230113,1493.44265,pf
111369,1060.946921,1476.679698,pf
111370,1051.725878,1368.80858,pf
111371,941.230556,1010.1737,pf
111372,788.659884,815.473214,pf
111373,577.301705,569.715904,pf
111374,373.87042,358.362453,p
111437,289.27249,368.696533,f
111438,322.825632,432.826955,f
111439,367.516839,517.240882,pf
111440,431.242335,601.274177,pf
111441,531.446211,790.221674,pf
111442,683.803186,1241.914786,pf
111443,808.37847,1574.687156,pf
111444,991.203173,2098.166954,pf
111445,1040.837705,1961.871194,pf
111446,1125.820193,1819.335535,pf
111447,1204.911228,1608.565343,pf
111448,1187.883209,1611.571383,pf
111449,1084.498722,1528.096918,pf
111450,1072.248193,1509.077733,pf
111451,1018.590354,1147.048988,pf
111452,864.956005,928.008049,pf
111453,721.384411,737.578208,pf
111454,480.325217,442.64387,pf
111519,300.568919,384.501492,f
111520,338.591044,462.994992,f
111521,394.346004,549.281998,pf
111522,461.520705,675.804913,pf
111523,588.296527,927.030753,pf
111524,707.572259,1319.398906,pf
111525,932.85704,1976.743282,pf
111526,1001.86997,2054.76702,pf
111527,1086.774814,2013.613947,pf
111528,1263.553081,1648.576639,pf
111529,1234.871615,1655.741679,pf
111530,1219.219209,1607.625029,pf
111531,1061.271526,1711.773066,pf
111532,1076.401274,1401.573612,pf
111533,1014.61546,1181.086563,pf
111534,850.805213,862.372993,pf
111535,605.292243,606.567445,pf
111536,443.836945,412.040269,pf
111601,327.02174,434.431831,f
111602,351.289012,493.292499,f
111603,420.193027,581.86159,pf
111604,483.325084,701.247687,pf
111605,647.209306,1101.845285,pf
111606,830.122834,1715.658417,pf
111607,947.377354,2027.438725,pf
111608,1057.646547,2465.462515,pf
111609,1187.476885,1912.326949,pf
111610,1256.244026,1776.692971,pf
111611,1315.572763,1723.777912,pf
111612,1239.378102,1739.333993,pf
111613,1111.169783,1587.309587,pf
111614,1042.690725,1355.392176,pf
111615,904.942917,990.712118,pf
111616,750.279401,756.097902,pf
111617,517.091012,480.297204,pf
111681,286.727311,370.210123,f
111682,329.745328,429.583352,f
111683,367.043569,518.077372,pf
111684,439.050181,636.698758,pf
111685,558.342661,848.443724,pf
111686,660.416806,1170.948625,pf
111687,850.657401,1745.025731,pf
111688,989.06648,2111.128665,pf
111689,1138.506394,2142.652241,pf
111690,1260.299966,1880.364065,pf
111691,1339.16494,1740.453084,pf
111692,1317.808005,1750.456752,pf
111693,1241.681429,1705.040981,pf
111694,1101.722033,1493.759966,pf
111695,995.600127,1233.959445,pf
111696,889.038837,959.816892,pf
111697,618.075425,622.698436,pf
111698,427.132623,407.090704,pf
111763,310.922949,405.535045,f
111764,343.791114,474.473172,f
111765,392.706413,550.192534,pf
111766,477.326251,684.064788,pf
111767,575.390922,898.683729,pf
111768,765.927861,1511.922609,pf
111769,884.707394,1839.426461,pf
111770,1048.750877,2213.635237,pf
111771,1262.726989,2076.488128,pf
111772,1337.034496,1764.730129,pf
111773,1344.385488,1729.526982,pf
111774,1328.734851,1801.208176,pf
111775,1237.024755,1698.882128,pf
111776,1094.893827,1506.964862,pf
111777,967.71669,1198.091613,pf
111778,746.428866,859.564402,pf
111779,532.742392,512.777646,pf
111844,286.318238,380.299387,f
111845,315.014864,411.931087,f
111846,354.945007,496.526346,f
111847,419.407805,589.746249,pf
111848,522.651684,768.178323,pf
111849,679.242742,1189.524158,pf
111850,814.949477,1645.956115,pf
111851,939.150085,2008.188002,pf
111852,1119.614218,2044.809975,pf
111853,1255.292499,1975.810807,pf
111854,1380.197219,1763.450572,pf
111855,1387.519348,1758.701029,pf
111856,1322.97955,1753.864396,pf
111857,1181.601038,1666.739879,pf
111858,999.579404,1349.102377,pf
111859,871.951802,1050.274696,pf
111860,645.260285,671.128495,pf
111861,392.71352,372.911586,pf
111925,284.511825,381.503429,f
111926,316.438683,427.121238,f
111927,372.497934,514.428062,pf
111928,450.128353,635.756908,pf
111929,530.649387,803.620187,pf
111930,689.093782,1189.611793,pf
111931,877.583892,1814.667734,pf
111932,1010.383917,2046.940919,pf
111933,1214.54119,2075.938286,pf
111934,1371.348916,1780.898542,pf
111935,1386.296479,1685.212779,pf
111936,1389.552443,1779.613894,pf
111937,1374.913943,1929.39205,pf
111938,1141.450923,1544.552816,pf
111939,970.093772,1308.618725,pf
111940,752.44173,879.691333,pf
111941,562.292848,584.784932,pf
112007,300.765605,396.978128,f
112008,321.37947,437.735136,f
112009,391.162645,546.987059,pf
112010,463.299655,659.301812,pf
112011,612.616664,945.269118,pf
112012,746.015058,1421.673219,pf
112013,891.47411,1896.173593,pf
112014,1105.637974,2080.564944,pf
112015,1262.388302,1969.713276,pf
112016,1389.720752,1737.479043,pf
112017,1479.29177,1633.182924,pf
112018,1402.107734,1783.843802,pf
112019,1278.12485,1831.34313,pf
112020,1034.246126,1441.052214,pf
112021,816.371921,1016.487128,pf
112022,669.042117,728.58984,pf
112023,400.060193,388.900665,pf
112089,309.411528,418.914387,f
112090,351.520743,487.942709,f
112091,422.286786,585.389107,pf
112092,531.36127,789.381477,pf
112093,663.498871,1060.749348,pf
112094,796.762983,1603.135841,pf
112095,933.126386,1871.060143,pf
112096,1161.256806,2091.724451,pf
112097,1333.036915,1797.798189,pf
112098,1471.888649,1568.134014,pf
112099,1456.031759,1650.175057,pf
112100,1447.979114,2051.101922,pf
112101,1129.357884,1610.395119,pf
112102,1010.504764,1487.411881,pf
112103,802.665185,863.844142,pf
112104,523.170887,556.224488,pf
112105,392.058885,384.819753,pf
112169,286.774136,380.535996,f
112170,318.434742,431.092386,f
112171,363.19805,516.730703,f
112172,425.052595,592.871602,pf
112173,538.332595,784.35816,pf
112174,718.376958,1347.810343,pf
112175,833.477585,1658.520448,pf
112176,1074.115146,2099.52047,pf
112177,1230.298902,1830.023021,pf
112178,1328.283823,1728.481006,pf
112179,1601.397431,1434.514187,pf
112180,1410.602243,1659.453334,pf
112181,1269.166266,1718.153315,pf
112182,1071.708835,1703.174869,pf
112183,887.581891,1221.42314,pf
112184,631.574519,709.22889,pf
112185,433.296629,437.050938,pf
112251,298.583067,402.372226,f
112252,327.855182,451.447114,f
112253,393.08589,554.662132,pf
112254,472.550077,671.000342,pf
112255,588.234146,901.841285,pf
112256,709.770936,1230.912841,pf
112257,892.847303,1846.154413,pf
112258,1042.469448,1880.295062,pf
112259,1214.904752,1742.335916,pf
112260,1397.050147,1498.083416,pf
112261,1451.723782,1472.016408,pf
112262,1371.763166,1602.825142,pf
112263,1109.547819,1758.232973,pf
112264,927.421638,1387.922275,pf
112265,799.362397,1153.36407,pf
112266,517.040735,544.648466,pf
112333,311.810921,425.555287,f
112334,342.037636,488.858071,f
112335,423.707414,585.63585,pf
112336,506.196107,739.766049,pf
112337,623.913091,1039.593869,pf
112338,802.812047,1630.494973,pf
112339,933.39556,1840.239253,pf
112340,1128.835693,1736.203156,pf
112341,1299.494503,1555.858787,pf
112342,1402.935162,1464.735978,pf
112343,1437.478444,1302.978045,pf
112344,1241.369924,1638.152363,pf
112345,1122.517223,1679.69225,pf
112346,923.32014,1406.789453,pf
112347,670.979668,909.032552,pf
112348,491.496169,530.832554,pf
112413,280.05453,366.991569,f
112414,315.471363,429.507702,f
112415,353.265863,497.573725,f
112416,454.72278,632.311412,pf
112417,579.197641,935.613902,pf
112418,654.288362,1131.473568,pf
112419,735.961498,1849.447411,pf
112420,992.012094,1810.273624,pf
112421,1107.964534,1627.036675,pf
112422,1282.266793,1461.700113,pf
112423,1375.658042,1363.961936,pf
112424,1336.817847,1495.440801,pf
112425,1196.204666,1617.221671,pf
112426,981.10664,1536.974512,pf
112427,776.067429,1186.852577,pf
112428,580.338421,686.357153,pf
112495,289.933962,382.984083,f
112496,331.825138,460.547718,f
112497,376.526329,512.575426,pf
112498,458.490343,631.127627,pf
112499,570.089831,888.255268,pf
112500,686.661135,1388.999315,pf
112501,862.843607,1757.801213,pf
112502,1033.721953,1732.247551,pf
112503,1204.277182,1432.195943,pf
112504,1322.120488,1367.533691,pf
112505,1346.53681,1336.831888,pf
112506,1320.113017,1434.009734,pf
112507,1057.986634,1624.230832,pf
112508,955.556434,1490.046556,pf
112509,699.655238,992.690828,pf
112510,475.068272,573.527422,pf
112577,303.386845,407.833674,f
112578,347.714137,483.393466,f
112579,402.998331,549.458695,pf
112580,511.376796,742.109615,pf
112581,626.711048,1087.583157,pf
112582,718.568435,1452.15327,pf
112583,875.55019,1864.111456,pf
112584,1086.837076,1450.243881,pf
112585,1173.357999,1347.212256,pf
112586,1315.620182,1166.064169,pf
112587,1270.145447,1421.020086,pf
112588,1237.19738,1596.287351,pf
112589,1037.719187,1764.301081,pf
112590,849.382092,1271.60786,pf
112591,618.096353,796.45596,pf
112658,306.589313,410.683819,f
112659,368.534695,504.186707,pf
112660,457.944379,638.086435,pf
112661,523.4629,745.824645,pf
112662,636.933315,1182.226089,pf
112663,776.513063,1505.894555,pf
112664,883.278675,1605.229797,pf
112665,1050.885945,1349.692964,pf
112666,1198.77814,1152.972676,pf
112667,1271.701216,1277.586949,pf
112668,1228.25909,1367.870336,pf
112669,1086.469773,1878.70702,pf
112670,977.16264,1558.751412,pf
112671,753.811361,1097.393322,pf
112672,492.093295,603.943306,pf
112739,292.437331,377.961028,f
112740,329.874507,457.691029,f
112741,372.341797,507.066266,pf
112742,456.276245,627.558731,pf
112743,543.084451,882.53744,pf
112744,697.115384,1306.231667,pf
112745,807.883893,1477.108218,pf
112746,939.409973,1334.787643,pf
112747,1119.652251,1262.363302,pf
112748,1232.38699,1138.374379,pf
112749,1203.770513,1199.97616,pf
112750,1161.497994,1557.075673,pf
112751,1070.262037,1853.928133,pf
112752,899.910861,1423.709638,pf
112753,686.989345,962.020515,pf
112821,303.734562,398.556856,f
112822,337.125469,466.24326,f
112823,415.359954,573.837894,pf
112824,492.433435,751.862567,pf
112825,585.834995,1023.608961,pf
112826,708.244459,1261.377011,pf
112827,855.690288,1326.583687,pf
112828,949.412312,1288.177094,pf
112829,1081.374041,1120.378177,pf
112830,1183.475159,1094.081949,pf
112831,1210.25947,1302.815061,pf
112832,1116.937756,1677.001639,pf
112833,994.927946,1592.292559,pf
112834,809.369754,1281.845354,pf
112902,317.775507,427.131228,f
112903,375.28412,501.328281,pf
112904,424.878264,589.754085,pf
112905,521.914888,828.911199,pf
112906,614.931215,1077.501759,pf
112907,727.6669,1246.676567,pf
112908,904.601561,1268.614515,pf
112909,999.985963,1133.472439,pf
112910,1128.230921,1132.856785,pf
112911,1191.554895,1164.423134,pf
112912,1208.749803,1419.690516,pf
112913,1124.271042,1574.964914,pf
112914,986.448015,1572.094591,pf
112915,685.795777,982.057109,pf
112983,297.764711,379.100409,f
112984,320.365618,424.024507,f
112985,375.757571,491.792645,pf
112986,481.868576,738.061567,pf
112987,552.224669,935.072298,pf
112988,659.78957,1123.678761,pf
112989,795.214874,1169.318009,pf
112990,892.383409,1223.680547,pf
112991,1012.33027,1101.998777,pf
112992,1128.790973,1064.087865,pf
112993,1175.366187,1267.948693,pf
112994,1203.200362,1453.520925,pf
112995,1063.012482,1580.511875,pf
112996,857.449414,1353.384391,pf
113065,300.923052,384.510729,f
113066,345.890407,453.844956,f
113067,407.4076,543.548367,pf
113068,458.596748,677.465343,pf
113069,600.668572,985.664501,pf
113070,690.755492,1074.386936,pf
113071,802.596859,1155.081429,pf
113072,929.275924,1153.391317,pf
113073,1017.665842,1052.062069,pf
113074,1146.564506,1145.5834,pf
113075,1207.898311,1325.982975,pf
113076,1114.134738,1547.874186,pf
113077,1002.928689,1511.570756,pf
113146,327.8937,416.207848,f
113147,353.313103,460.486006,f
113148,439.124205,584.36873,pf
113149,534.888671,804.906524,pf
113150,636.075063,955.867342,pf
113151,743.444004,1067.677157,pf
113152,850.464779,1146.421682,pf
113153,938.218004,1112.142904,pf
113154,1097.47267,1038.082797,pf
113155,1174.822336,1220.100113,pf
113156,1157.181475,1366.795084,pf
113157,1108.42646,1541.932905,pf
113158,896.392223,1316.973299,pf
113228,328.975885,413.995006,f
113229,409.7682,533.883188,pf
113230,460.079043,627.332121,pf
113231,572.579878,779.471493,pf
113232,679.542414,994.648455,pf
113233,731.719543,1042.772798,pf
113234,842.065835,1228.606113,pf
113235,976.171644,1050.072706,pf
113236,1076.111007,1035.876436,pf
113237,1164.741137,1261.809501,pf
113238,1139.18765,1512.202539,pf
113239,1008.460325,1427.141735,pf
113309,310.490439,381.155987,f
113310,349.384018,440.023736,f
113311,425.932913,535.352275,pf
113312,506.190285,668.018942,pf
113313,572.184533,753.330354,pf
113314,669.017711,935.29436,pf
113315,787.444495,1156.120479,pf
113316,893.883885,1077.247754,pf
113317,987.433308,1035.616631,pf
113318,1171.238525,1047.151415,pf
113319,1154.121226,1418.477867,pf
113320,1132.775897,1444.593715,pf
113390,324.505221,400.703408,f
113391,394.300528,478.010776,pf
113392,461.914487,598.838803,pf
113393,528.576074,680.484826,pf
113394,631.0388,817.164454,pf
113395,727.162886,1032.107586,pf
113396,776.392155,1084.771958,pf
113397,877.6077,1024.635466,pf
113398,1022.097107,1011.904208,pf
113399,1111.968423,1130.86878,pf
113400,1182.01423,1378.31768,pf
113401,1035.719453,1523.309976,pf
113472,356.185505,427.003203,f
113473,405.913912,488.073407,pf
113474,468.241883,576.378911,pf
113475,568.276871,746.514985,pf
113476,625.21203,881.222461,pf
113477,707.776463,1025.104036,pf
113478,796.085782,1031.576408,pf
113479,935.594825,1009.898278,pf
113480,1033.512112,1041.525216,pf
113481,1194.020768,1308.114954,pf
113482,1070.139931,1453.878305,pf
113553,308.426232,365.178459,f
113554,357.542623,415.27006,f
113555,420.162921,501.963051,pf
113556,502.376692,647.141199,pf
113557,588.677864,794.799563,pf
113558,663.036057,968.568573,pf
113559,759.830857,1034.498836,pf
113560,813.940412,980.94338,pf
113561,873.161193,925.465117,pf
113562,1071.663808,1123.403562,pf
113563,1148.054505,1305.297579,pf
113634,335.694914,386.287978,f
113635,385.660135,459.223475,pf
113636,446.663959,531.318614,pf
113637,545.018748,675.191599,pf
113638,607.228523,883.785522,pf
113639,646.97197,945.794838,pf
113640,725.897736,990.079883,pf
113641,828.372013,906.622859,pf
113642,992.44248,1004.153518,pf
113643,1081.003329,1191.53346,pf
113644,1090.740404,1375.543127,pf
113716,342.367873,391.032843,f
113717,400.855544,462.751189,pf
113718,470.797459,582.625431,pf
113719,547.066359,724.032249,pf
113720,621.618305,923.298132,pf
113721,675.332195,958.847243,pf
113722,782.909937,914.626746,pf
113723,844.526823,916.048985,pf
113724,978.943787,1015.991196,pf
113725,1075.772332,1278.856162,pf
113798,372.291092,422.963023,pf
113799,428.15176,499.201269,pf
113800,504.048093,639.236767,pf
113801,570.584499,889.820653,pf
113802,632.722306,910.550478,pf
113803,678.93612,931.670642,pf
113804,768.508714,869.866478,pf
113805,901.310169,928.284113,pf
113806,1027.247687,1085.173113,pf
113878,330.206769,378.170865,f
113879,373.693679,413.430985,pf
113880,432.13631,534.031342,pf
113881,509.685021,687.705463,pf
113882,576.180388,867.233814,pf
113883,621.526378,831.63917,pf
113884,708.844849,834.497596,pf
113885,819.954784,899.181043,pf
113886,947.472589,986.994826,pf
113887,1086.727384,1215.604398,pf
113960,345.348928,391.732506,f
113961,384.444158,443.520428,pf
113962,462.253351,591.51663,pf
113963,534.906766,769.9967,pf
113964,600.71711,806.904718,pf
113965,648.679303,822.020702,pf
113966,717.492294,826.382773,pf
113967,828.734969,891.421977,pf
113968,992.20634,1031.470846,pf
114041,321.018539,370.012865,f
114042,356.346574,406.791191,f
114043,391.584761,489.475106,pf
114044,475.486617,620.522254,pf
114045,539.359107,727.976148,pf
114046,603.99978,787.965936,pf
114047,637.867039,738.517191,pf
114048,720.200513,780.26051,pf
114049,893.069631,954.778133,pf
114122,323.102741,378.088715,f
114123,369.703961,423.897905,pf
114124,415.87723,510.884333,pf
114125,501.563049,663.382481,pf
114126,568.018892,731.46851,pf
114127,615.288188,714.166493,pf
114128,666.778952,757.017614,pf
114129,769.403608,834.816833,pf
114130,932.277672,956.610731,pf
114204,347.98152,395.118064,f
114205,383.708735,463.175393,pf
114206,445.742635,547.997902,pf
114207,514.372789,626.733243,pf
114208,560.647776,678.79201,pf
114209,594.25227,669.677005,pf
114210,694.0169,746.115279,pf
114211,812.369209,853.532837,pf
114286,344.713739,374.43073,f
114287,408.254971,486.023924,pf
114288,456.765706,552.116453,pf
114289,520.13695,613.918578,pf
114290,586.491786,660.253939,pf
114291,635.87584,696.388138,pf
114292,734.063474,776.525006,pf
114367,379.435315,447.84091,pf
114368,420.279262,503.00128,pf
114369,492.443986,555.794948,pf
114370,557.042056,617.356074,pf
114371,576.70854,628.195765,pf
114372,626.195258,670.757316,pf
114373,779.867114,819.26428,pf
114449,368.646809,402.013655,pf
114450,453.777412,520.325372,pf
114451,486.875067,527.532129,pf
114452,548.339725,577.759053,pf
114453,585.947297,630.456362,pf
114454,656.318732,695.505109,pf
114530,346.413764,376.920942,f
114531,393.284312,423.301377,pf
114532,467.495209,506.51279,pf
114533,523.186551,547.310021,pf
114534,567.467588,605.345151,pf
114535,604.243534,640.166961,pf
114611,361.97094,388.531296,f
114612,429.786719,456.63467,pf
114613,485.740591,512.678262,pf
114614,505.753291,527.263352,pf
114615,539.055329,579.35237,pf
114616,632.701426,667.822282,pf
114693,388.91434,416.687357,pf
114694,438.88752,458.813717,pf
114695,478.662449,491.475943,pf
114696,518.14807,547.07918,pf
114697,592.307815,623.228994,pf
114774,355.038711,380.029719,f
114775,405.634685,425.180866,pf
114776,461.166983,460.736082,pf
114777,495.066734,516.84092,pf
114778,512.348162,534.90321,pf
114855,366.06388,384.804617,pf
114856,426.279783,445.306934,pf
114857,454.060392,467.417292,pf
114858,481.272327,495.845132,pf
114859,547.064503,574.853908,pf
114937,385.638687,410.829991,pf
114938,433.019129,453.693679,pf
114939,459.30409,467.096591,pf
114940,501.402999,517.539307,pf
115018,351.246171,371.480683,f
115019,406.016159,445.375395,pf
115020,437.622162,452.500929,pf
115021,459.419153,469.747928,pf
115099,367.153291,393.834134,pf
115100,408.870085,438.80302,pf
115101,436.930538,452.990972,pf
115102,475.817215,478.988637,pf
115181,385.178717,419.11977,pf
115182,413.107839,439.769685,pf
115183,442.364916,447.321045,pf
115262,349.600113,367.159071,f
115263,383.616461,399.613161,pf
115264,413.730833,428.902087,pf
115343,364.298325,381.029972,f
115344,396.022852,415.725031,pf
115345,420.224643,402.366502,pf
115425,361.996548,373.649647,f
115426,390.591584,389.695479,pf
115507,373.611607,380.75148,pf
115588,377.180588,362.663144,p
144511,379.845181,175.954235,p
144592,387.351645,187.693498,p
144593,376.913445,169.841248,p
144672,390.665199,195.365696,p
144673,413.540393,190.26641,p
144674,368.906552,164.135924,p
144753,378.922099,200.726753,p
144754,423.296952,206.225618,p
144755,444.24488,190.807392,p
144835,414.51783,208.572839,p
144836,459.536054,213.072598,p
144837,436.174451,181.776897,p
144915,395.416226,207.881653,p
144916,459.684696,224.311875,p
144917,489.855359,213.84198,p
144918,402.71328,174.888072,p
144997,428.940919,216.340911,p
144998,515.712678,239.717192,p
144999,518.753693,215.676008,p
145078,395.586861,211.920656,p
145079,489.688785,235.379497,p
145080,559.464404,243.050965,p
145081,463.566151,194.029444,p
145159,452.650772,220.356208,p
145160,595.250142,263.578101,p
145161,595.586808,232.312965,p
145162,412.663702,181.578892,p
145240,395.883543,220.27879,p
145241,551.896752,246.16882,p
145242,676.744989,262.392049,p
145243,548.591988,212.421627,p
145244,367.091946,167.602835,p
145322,507.69087,238.934924,p
145323,711.552459,270.708872,p
145324,669.358845,233.137751,p
145325,447.142462,191.843105,p
145402,465.329067,251.744226,p
145403,673.229472,262.593781,p
145404,786.937376,260.702881,p
145405,577.043355,209.959523,p
145406,397.3712,176.588655,p
145483,434.889114,251.278397,p
145484,632.166571,273.532848,p
145485,828.655656,278.45251,p
145486,686.347797,221.865409,p
145487,459.411118,194.626952,p
145564,368.790797,225.97072,p
145565,566.066352,278.892954,p
145566,840.61525,295.149592,p
145567,812.864988,253.808325,p
145568,585.551306,209.168109,p
145569,384.715623,171.215636,p
145645,492.45021,265.774535,p
145646,734.030629,298.80055,p
145647,893.126857,280.641743,p
145648,695.253343,221.51844,p
145649,464.27176,192.17673,p
145726,402.455893,246.619039,p
145727,660.113621,293.24796,p
145728,889.072425,300.166224,p
145729,789.356057,253.869236,p
145730,570.47249,207.894055,p
145731,370.255108,165.234998,p
145808,505.649895,259.544355,p
145809,823.15533,311.13002,p
145810,874.995324,278.189803,p
145811,638.051869,224.023838,p
145812,442.532756,184.59198,p
145888,442.453874,242.986447,p
145889,728.16486,292.359299,p
145890,874.609914,294.591374,p
145891,733.522088,252.203217,p
145892,505.243635,197.144368,p
145970,618.847323,267.136969,p
145971,869.813919,302.622272,p
145972,781.0369,270.14619,p
145973,569.280051,218.164518,p
145974,412.564031,173.060064,p
146051,514.387095,247.632205,p
146052,831.726732,296.436293,p
146053,858.909768,297.07004,p
146054,622.058061,234.859139,p
146055,471.836505,186.583351,p
146131,372.397336,219.411465,p
146132,788.708879,291.752867,p
146133,941.735699,311.012705,p
146134,728.571492,266.87621,p
146135,505.913529,202.620353,p
146136,377.876472,163.594616,p
146213,562.270929,260.300083,p
146214,1061.340566,329.115147,p
146215,842.377038,292.505596,p
146216,550.64323,218.391654,p
146217,404.444345,172.986268,p
146294,457.94194,243.355981,p
146295,942.695545,317.660601,p
146296,1025.415116,322.936622,p
146297,625.639832,247.019711,p
146298,431.907252,183.889482,p
146374,408.311181,213.880074,p
146375,638.023835,297.91161,p
146376,1370.773033,369.519188,pf
146377,754.536095,283.357788,p
146378,479.793859,204.384247,p
146379,372.025375,169.198594,p
146455,386.880454,202.93352,p
146456,575.852475,278.222663,p
146457,1105.405552,363.949606,p
146458,1244.242855,364.239947,p
146459,552.124689,232.776398,p
146460,401.715311,174.56597,p
146537,432.101074,212.872191,p
146538,811.785331,353.00781,p
146539,1520.408435,417.42645,pf
146540,764.235328,280.528452,p
146541,443.838368,188.691705,p
146617,404.785299,200.301387,p
146618,663.987034,293.244897,p
146619,1182.571342,398.85278,pf
146620,1298.253462,401.763728,pf
146621,514.314601,212.609166,p
146622,381.493274,169.37916,p
146699,477.021138,224.332917,p
146700,1007.320196,379.615063,pf
146701,1390.109086,433.802768,pf
146702,771.725925,287.883504,p
146703,437.751661,185.447338,p
146780,427.014198,199.795351,p
146781,658.967865,283.170944,p
146782,1258.676287,411.55317,pf
146783,1219.946657,427.767132,pf
146784,510.448043,210.125874,p
146785,380.590918,173.782064,p
146860,385.020318,180.472053,p
146861,572.29877,255.944052,p
146862,1228.931683,401.150965,pf
146863,1339.099205,465.418532,pf
146864,794.919924,319.78932,p
146865,440.408118,196.657162,p
146941,373.755232,185.887729,p
146942,413.500949,200.722093,p
146943,725.926199,286.787833,p
146944,1526.535285,472.365196,pf
146945,1211.605325,484.135957,pf
146946,492.350241,224.848269,p
147022,370.985636,188.680084,p
147023,383.620529,191.286629,p
147024,705.126782,281.215003,p
147025,1442.21503,444.353445,pf
147026,1480.9818,517.233075,pf
147027,882.630097,361.336838,p
147028,426.581906,219.503445,p
147103,377.273821,196.444399,p
147104,428.705974,211.518407,p
147105,925.514375,316.895966,p
147106,2069.291967,545.843301,pf
147107,1314.771502,470.738916,pf
147108,505.620596,253.469878,p
147184,376.452221,198.640484,p
147185,393.077402,206.024351,p
147186,887.818242,299.397835,p
147187,1901.654128,483.149953,pf
147188,1913.045668,520.803818,pf
147189,985.251235,366.987953,pf
147190,420.336132,231.169268,p
147267,447.768214,222.736921,p
147268,1193.075833,328.127986,p
147269,3295.241676,587.009092,pf
147270,1555.841625,482.273086,pf
147271,572.902297,279.036387,p
147347,425.257491,221.976458,p
147348,1159.85426,310.338419,p
147349,3371.466503,530.991455,pf
147350,3179.186377,564.810953,pf
147351,1119.555038,381.698435,pf
147352,448.475671,233.897309,p
147428,369.758548,203.341553,p
147429,514.527954,237.517373,p
147430,1504.514489,352.289148,p
147431,5540.027815,704.196884,pf
147432,1701.572319,512.024008,pf
147433,651.357415,279.634369,p
147509,384.701194,209.779722,p
147510,500.063607,246.059326,p
147511,1417.520046,353.033322,p
147512,5269.668314,674.765354,pf
147513,4197.245981,642.136873,pf
147514,1319.748305,388.46772,pf
147515,485.248732,232.606379,p
147588,367.689401,210.655017,p
147590,410.924927,225.953148,p
147591,547.130906,262.916612,p
147592,1686.894953,413.713273,pf
147593,6497.237287,840.59425,pf
147594,2118.11142,520.378419,pf
147595,738.6251,283.026326,p
147669,380.522183,218.058887,p
147671,424.465512,239.100303,p
147672,584.118642,276.225804,p
147673,1480.250958,412.14531,pf
147674,5033.80756,742.720909,pf
147675,3892.610994,694.959425,pf
147676,1296.853897,381.788101,pf
147677,509.087639,232.451799,p
147750,378.823242,219.112817,p
147751,368.932681,219.104808,p
147753,450.167944,249.579095,p
147754,728.606396,316.018082,p
147755,1729.826466,475.14403,pf
147756,5052.339486,795.513986,pf
147757,2151.944725,572.343089,pf
147758,632.68637,258.043197,p
147831,379.454728,220.225488,p
147833,445.295918,243.675115,p
147834,667.342475,319.942595,p
147835,1443.117039,432.153917,pf
147836,3639.971923,643.892158,pf
147837,2667.020813,635.314705,pf
147838,1242.622669,398.256578,pf
147839,466.982953,224.124858,p
147912,396.735971,228.112284,p
147914,412.429342,219.193413,p
147915,541.50006,271.246197,p
147916,808.759363,347.807207,p
147917,1681.908597,441.579164,pf
147918,3036.829084,593.085236,pf
147919,2150.566716,563.034459,pf
147920,664.780796,273.311826,p
147994,403.456198,234.213307,p
147996,464.81919,226.59202,p
147997,703.567289,349.753164,p
147998,1306.716189,406.552838,pf
147999,2259.477307,510.633284,pf
148000,2522.727465,568.820227,pf
148001,1243.098679,391.771116,pf
148002,495.843609,234.856119,p
148074,426.987937,264.690015,p
148076,475.27005,251.280953,p
148077,625.486059,319.327398,p
148078,880.272586,371.477188,pf
148079,1366.180269,413.870317,pf
148080,2102.526637,478.379074,pf
148081,2263.053539,520.945828,pf
148082,755.372273,301.15798,p
148083,372.654524,202.906843,p
148155,435.534388,272.770002,p
148156,415.972137,262.568833,p
148158,478.431603,259.994957,p
148159,700.567028,378.334026,pf
148160,1113.184773,388.635312,pf
148161,1596.59594,442.388397,pf
148162,2833.134936,532.859715,pf
148163,1265.106392,377.869136,pf
148164,554.473683,255.829308,p
148237,435.158005,273.917531,p
148239,461.732861,285.749189,p
148240,663.742425,376.456657,pf
148241,950.348004,381.109988,pf
148242,1285.530213,408.024775,pf
148243,2263.88724,466.874573,pf
148244,2489.981458,475.800998,pf
148245,876.336029,322.200526,p
148246,439.115339,225.9327,p
148317,411.968336,264.85978,p
148318,376.664515,247.861645,p
148319,409.734052,274.279115,p
148320,505.553184,312.404593,p
148321,684.359519,379.83626,pf
148322,1040.340345,380.30623,pf
148323,1625.365373,438.76052,pf
148324,3438.251642,506.893444,pf
148325,1543.03186,394.372078,pf
148326,611.370352,277.364222,p
148327,396.733649,213.403753,p
148399,416.35684,264.359555,p
148400,376.080406,247.987509,p
148401,451.839734,300.747776,p
148402,647.331934,374.620507,pf
148403,972.665747,365.932745,pf
148404,1348.20831,430.422367,pf
148405,3917.750991,475.529565,pf
148406,3260.636069,457.138528,pf
148407,1150.715895,355.73714,p
148408,514.872348,255.313462,p
148409,377.035516,213.28747,p
148480,365.342029,252.829401,p
148481,409.11875,256.747586,p
148482,465.463772,303.914324,p
148483,594.708368,359.91843,p
148484,784.872597,362.286863,p
148485,1031.366953,380.297412,pf
148486,2028.665033,445.889971,pf
148487,5300.351332,480.502104,pf
148488,2159.700677,419.25124,pf
148489,812.517672,316.223044,p
148490,487.588921,249.493321,p
148561,411.704215,280.256309,p
148562,467.205417,284.04626,p
148563,474.642707,309.429504,p
148564,647.005799,376.137011,pf
148565,924.990422,346.742656,p
148566,1254.447954,420.820035,pf
148567,5077.233993,466.660414,pf
148568,4248.731213,458.83759,pf
148569,1442.102992,368.277868,pf
148570,726.4268,296.469389,p
148571,435.426502,236.998239,p
148642,369.02553,262.097815,p
148643,414.87591,278.354679,p
148644,498.580822,297.994338,p
148645,663.718317,374.454281,pf
148646,821.100672,348.116472,p
148647,1034.215642,367.181909,pf
148648,2692.021012,431.836665,pf
148649,6423.190945,469.787659,pf
148650,4164.772857,439.774894,pf
148651,1090.164133,336.570465,p
148652,575.821436,277.199475,p
148653,393.178847,223.963128,p
148724,387.776661,275.259465,p
148725,541.073994,285.240941,p
148726,646.535788,345.008463,p
148727,709.966044,364.888507,p
148728,869.577979,344.509909,p
148729,1181.391264,379.245828,pf
148730,4532.050105,455.244369,pf
148731,7929.68793,476.287358,pf
148732,2415.588642,415.223538,pf
148733,920.861365,323.738054,p
148734,569.46859,263.198431,p
148735,384.131868,208.694041,p
148805,519.188,268.204518,p
148806,573.334437,301.2992,p
148807,688.361354,360.526182,p
148808,838.607157,341.266934,p
148809,1041.950661,352.279062,p
148810,2561.004398,425.134666,pf
148811,8730.253959,466.244885,pf
148812,6512.319997,466.567433,pf
148813,1522.291458,384.946556,pf
148814,787.898029,311.049246,p
148815,470.74164,231.177185,p
148816,365.24542,193.7853,p
148886,412.367111,248.733233,p
148887,532.015353,272.347484,p
148888,670.232061,346.096209,p
148889,800.712246,357.718677,p
148890,962.462283,343.134826,p
148891,1228.372873,369.444208,pf
148892,4432.955422,443.462123,pf
148893,11719.647151,466.779276,pf
148894,3319.309053,463.962935,pf
148895,1141.392397,372.85869,pf
148896,686.462262,281.30048,p
148897,438.626922,212.542935,p
148968,488.984872,255.680134,p
148969,597.546013,325.989142,p
148970,737.549143,361.905888,p
148971,846.369045,355.577286,p
148972,1120.562979,349.913228,p
148973,1902.493116,430.474862,pf
148974,8502.235129,451.829051,pf
148975,7261.909023,468.608375,pf
148976,2219.486504,450.684879,pf
148977,976.159673,345.176934,p
148978,573.149393,246.332947,p
148979,390.912422,187.443751,p
149048,383.198515,244.382905,p
149049,517.588479,285.277934,p
149050,631.771451,336.581101,p
149051,810.806258,371.572816,pf
149052,1022.949209,347.22336,p
149053,1540.97063,400.19282,pf
149054,3497.630552,435.497026,pf
149055,8383.306543,452.800645,pf
149056,3554.494088,469.458369,pf
149057,1405.380719,437.057897,pf
149058,839.425793,308.55486,p
149059,492.310594,218.780505,p
149060,371.197744,177.085876,p
149130,428.637543,257.54853,p
149131,548.521272,310.560529,p
149132,755.316275,359.157796,p
149133,883.182768,355.71544,p
149134,1161.12068,363.096835,p
149135,1840.761364,423.461515,pf
149136,4560.89751,440.553151,pf
149137,5472.026166,458.754456,pf
149138,2710.879578,463.367404,pf
149139,1153.862593,376.781873,pf
149140,662.847014,262.597306,p
149141,421.623221,191.465619,p
149212,473.98497,279.054543,p
149213,674.110573,336.283385,p
149214,753.03754,350.648045,p
149215,955.452025,348.612346,p
149216,1468.075584,404.25296,pf
149217,2422.803381,427.263034,pf
149218,5316.93782,452.177918,pf
149219,4178.426939,465.365632,pf
149220,1835.4335,435.824984,pf
149221,895.757632,312.379224,p
149222,531.388081,228.426082,p
149223,386.932994,174.696838,p
149292,386.868733,264.941861,p
149293,540.978699,298.709116,p
149294,704.967256,340.431498,p
149295,761.748011,326.135081,p
149296,1151.771703,374.113532,pf
149297,1661.315675,404.479011,pf
149298,3047.80375,432.130027,pf
149299,5241.199433,459.17468,pf
149300,3175.867328,446.7115,pf
149301,1350.081679,380.98374,pf
149302,694.338235,269.371939,p
149303,426.615857,192.04934,p
149374,425.418826,272.089847,p
149375,633.905583,323.340997,p
149376,695.876359,317.971219,p
149377,873.592186,339.179384,p
149378,1226.709425,378.043221,pf
149379,1913.028329,407.914957,pf
149380,4447.993955,438.748801,pf
149381,3884.541115,437.264566,pf
149382,2093.840316,405.37421,pf
149383,946.084059,314.833653,p
149384,504.173503,220.732627,p
149456,518.945728,299.419154,p
149457,654.974086,322.147708,p
149458,723.320162,315.753773,p
149459,1054.502698,364.468482,p
149460,1419.692819,379.259315,pf
149461,2903.994005,407.41859,pf
149462,4077.991952,424.808649,pf
149463,2757.686686,405.544191,pf
149464,1245.290993,352.703494,p
149465,658.256723,265.753523,p
149466,404.737363,187.504254,p
149536,410.880378,280.890844,p
149537,567.18575,309.645645,p
149538,672.451848,312.218346,p
149539,858.180416,325.197865,p
149540,1178.038321,361.655002,p
149541,1856.062816,384.072114,pf
149542,3843.252164,413.74232,pf
149543,2797.600262,401.518593,pf
149544,1800.975414,360.156327,p
149545,868.91297,299.547743,p
149546,466.345444,211.87392,p
149618,455.90514,289.944569,p
149619,601.8869,314.81896,p
149620,745.658337,305.011441,p
149621,1020.087,342.979624,p
149622,1365.470465,367.368995,pf
149623,2682.860786,389.054883,pf
149624,2768.538629,390.513445,pf
149625,2026.434767,364.319292,p
149626,1055.049815,316.941207,p
149627,540.291391,237.503176,p
149700,519.680265,303.781143,p
149701,657.290438,306.625049,p
149702,832.901631,308.815282,p
149703,1191.035644,355.352043,p
149704,1683.730212,369.147812,pf
149705,2443.896221,383.205397,pf
149706,1891.519093,366.21746,pf
149707,1348.629533,330.620051,p
149708,778.494386,282.250284,p
149709,428.415373,197.035187,p
149780,407.771587,283.360143,p
149781,560.44067,304.893603,p
149782,709.40179,304.053137,p
149783,974.374026,332.823693,p
149784,1335.855273,361.986154,p
149785,1941.967634,370.032412,pf
149786,1833.858249,372.157419,pf
149787,1360.760162,341.99601,p
149788,896.453855,289.819873,p
149789,533.667991,228.266222,p
149862,470.29671,292.612675,p
149863,606.901114,289.633008,p
149864,833.051578,312.32101,p
149865,1104.261439,350.882242,p
149866,1520.021158,366.667709,pf
149867,1763.972117,366.115803,pf
149868,1397.608082,346.098984,p
149869,968.738582,300.83408,p
149870,607.206472,244.279209,p
149871,396.177068,178.276253,p
149943,382.638517,277.134069,p
149944,522.400804,286.480038,p
149945,675.944929,293.537956,p
149946,938.567319,331.442351,p
149947,1214.72131,359.295854,p
149948,1577.760697,357.108426,p
149949,1441.220229,350.433168,p
149950,994.17603,317.54519,p
149951,725.233124,254.286641,p
149952,477.540481,204.171088,p
150024,465.950433,275.574189,p
150025,565.868533,280.849761,p
150026,789.233674,306.853324,p
150027,1012.880818,334.937904,p
150028,1250.720469,351.480715,p
150029,1457.699843,340.178111,p
150030,1078.013915,323.177656,p
150031,740.360809,257.637094,p
150032,511.974769,210.730105,p
150105,380.917522,267.662792,p
150106,510.184836,274.7246,p
150107,642.090087,282.938332,p
150108,847.486125,306.287361,p
150109,1062.73007,343.339048,p
150110,1309.727015,334.910433,p
150111,1162.605026,323.480302,p
150112,779.645867,272.179291,p
150113,494.633279,202.78271,p
150114,389.421402,178.994605,p
150187,455.806276,269.302601,p
150188,557.197324,264.685221,p
150189,698.785235,287.534543,p
150190,964.291392,304.186702,p
150191,1088.28241,338.303294,p
150192,1194.504799,323.772621,p
150193,820.032431,288.61602,p
150194,554.506718,208.711998,p
150195,408.294329,183.970115,p
150267,367.595078,252.982244,p
150268,512.634565,256.966879,p
150269,611.912245,270.687382,p
150270,777.630068,283.936948,p
150271,946.227691,329.598846,p
150272,1069.490132,324.561811,p
150273,932.205136,306.751745,p
150274,605.437472,226.550117,p
150275,418.418446,184.024509,p
150349,450.000237,248.522209,p
150350,557.321529,254.597844,p
150351,650.799759,281.137273,p
150352,799.22838,304.529075,p
150353,919.011247,338.797831,p
150354,936.29365,311.267275,p
150355,688.220386,252.74369,p
150356,442.363268,184.762854,p
150431,513.221678,243.11969,p
150432,573.61671,271.587935,p
150433,697.168318,291.702442,p
150434,810.620733,334.842883,p
150435,885.946055,317.555518,p
150436,748.319844,277.455743,p
150437,506.742842,197.175954,p
150438,369.434609,174.957306,p
150511,426.246285,231.319825,p
150512,529.345918,254.038877,p
150513,596.906705,286.621784,p
150514,699.298676,321.860475,p
150515,794.992139,329.909898,p
150516,747.387431,295.07832,p
150517,576.077857,227.542948,p
150518,394.577174,179.338714,p
150593,470.466833,233.380661,p
150594,549.519826,269.334702,p
150595,629.884966,305.54753,p
150596,730.869177,332.660628,p
150597,773.718826,312.323925,p
150598,612.903902,244.010002,p
150599,435.307643,189.906678,p
150674,404.978174,219.613062,p
150675,496.520509,244.373412,p
150676,575.116693,287.305157,p
150677,644.231489,319.561291,p
150678,728.660671,318.934538,p
150679,652.56753,268.730834,p
150680,472.007642,204.165418,p
150681,373.590751,176.764629,p
150755,442.033796,223.848476,p
150756,519.434604,264.173282,p
150757,600.939358,303.028902,p
150758,679.518807,310.573964,p
150759,679.372013,286.90251,p
150760,518.28893,223.441771,p
150761,406.578644,189.868188,p
150836,394.627506,214.474007,p
150837,463.748099,243.103145,p
150838,587.755989,281.385664,p
150839,613.032823,297.086356,p
150840,660.04543,291.889475,p
150841,581.163798,252.681968,p
150842,429.68089,203.034946,p
150918,411.159535,218.097022,p
150919,487.498737,264.399208,p
150920,581.152223,287.421981,p
150921,611.549663,287.441021,p
150922,598.034679,267.677044,p
150923,462.79894,221.642346,p
150998,366.970284,201.997466,p
150999,428.213527,237.045898,p
151000,520.813006,269.634749,p
151001,581.390737,280.219496,p
151002,591.909895,277.054579,p
151003,499.218328,242.168262,p
151004,383.132953,206.139306,p
151080,382.17225,209.839222,p
151081,459.900795,250.681836,p
151082,553.270398,277.322384,p
151083,553.288742,269.384093,p
151084,509.234548,256.140842,p
151085,416.588198,220.185659,p
151162,389.765071,223.351523,p
151163,490.865452,254.972598,p
151164,533.089453,260.818871,p
151165,507.19742,260.777282,p
151166,445.029306,241.081659,p
151243,415.491602,234.390535,p
151244,484.937392,245.500087,p
151245,515.516185,250.995701,p
151246,451.295091,249.04171,p
151324,366.75124,218.534907,p
151325,431.76948,232.14302,p
151326,476.181931,236.074727,p
151327,448.548671,243.847155,p
151328,370.180434,231.11932,p
151406,368.19192,217.909077,p
151407,434.366288,224.118371,p
151408,439.954183,226.949838,p
151409,381.068374,234.043324,p
151487,372.964939,211.647097,p
151488,402.61886,208.120858,p
151489,387.379018,222.645114,p
151570,377.489782,203.789352,p
