"HID","PA","valpred"
48763,0,0.24
48844,0,0.25
48925,0,0.26
49005,0,0.27
49006,0,0.26
49087,0,0.27
49168,0,0.25
49249,0,0.23
49330,0,0.24
49492,0,0.25
59090,0,0.23
59091,0,0.25
59092,0,0.23
59093,0,0.26
59171,0,0.23
59172,0,0.23
59173,0,0.25
59251,0,0.23
59252,0,0.24
59253,0,0.24
59254,0,0.22
59262,0,0.19
59332,0,0.25
59333,0,0.23
59334,0,0.24
59335,0,0.23
59336,0,0.22
59344,0,0.16
59413,0,0.29
59414,0,0.21
59415,0,0.23
59416,0,0.23
59424,0,0.18
59425,0,0.14
59494,0,0.23
59495,0,0.21
59496,0,0.22
59497,0,0.19
59506,0,0.18
59507,0,0.13
59576,0,0.25
59577,0,0.22
59578,0,0.2
59579,0,0.21
59587,0,0.09
59588,0,0.12
59589,0,0.09
59656,0,0.25
59657,0,0.22
59658,0,0.21
59659,0,0.2
59668,0,0.08
59669,0,0.05
59670,0,0.11
59736,0,0.39
59737,0,0.27
59738,0,0.28
59739,0,0.2
59740,0,0.24
59741,0,0.17
59749,0,0.09
59750,0,0.08
59751,0,0.06
59752,0,0.07
59816,0,0.08
59817,0,0.37
59818,0,0.36
59819,0,0.27
59820,0,0.22
59821,0,0.23
59822,0,0.25
59830,0,0.07
59831,0,0.08
59832,0,0.04
59833,0,0.08
59834,0,0.09
59895,0,0.1
59896,0,0.08
59897,0,0.33
59898,0,0.35
59899,0,0.23
59900,0,0.2
59901,0,0.19
59902,0,0.25
59903,0,0.19
59910,0,0.07
59911,0,0.06
59912,0,0.03
59913,0,0.07
59914,0,0.09
59915,0,0.06
59976,0,0.22
59977,0,0.08
59978,0,0.31
59979,0,0.29
59980,0,0.25
59981,0,0.17
59982,0,0.17
59983,0,0.18
59984,0,0.22
59985,0,0.19
59991,0,0.06
59992,0,0.05
59993,0,0.1
59994,0,0.08
59995,0,0.06
59996,0,0.1
59997,0,0.14
60057,0,0.1
60058,0,0.09
60059,0,0.28
60060,0,0.22
60061,0,0.2
60062,0,0.23
60063,0,0.18
60064,0,0.19
60065,0,0.16
60066,0,0.19
60067,0,0.21
60073,0,0.06
60074,0,0.05
60075,0,0.04
60076,0,0.06
60077,0,0.12
60078,0,0.07
60137,0,0.21
60138,0,0.09
60139,0,0.11
60140,0,0.23
60141,0,0.21
60142,0,0.18
60143,0,0.18
60144,0,0.18
60145,0,0.17
60146,0,0.15
60147,0,0.19
60148,0,0.19
60153,0,0.12
60154,0,0.06
60155,0,0.05
60156,0,0.07
60157,0,0.1
60158,0,0.1
60159,0,0.15
60218,0,0.23
60219,0,0.2
60220,0,0.08
60221,0,0.18
60222,0,0.23
60223,0,0.18
60224,0,0.16
60225,0,0.17
60226,0,0.18
60227,0,0.17
60228,0,0.16
60229,0,0.18
60230,0,0.27
60235,0,0.06
60236,0,0.08
60237,0,0.11
60238,0,0.08
60239,0,0.1
60240,0,0.07
60299,0,0.22
60300,0,0.22
60301,0,0.21
60302,0,0.14
60303,0,0.19
60304,0,0.19
60305,0,0.19
60306,0,0.18
60307,0,0.18
60308,0,0.17
60309,0,0.15
60310,0,0.19
60311,0,0.15
60312,0,0.25
60316,0,0.07
60317,0,0.09
60318,0,0.11
60319,0,0.09
60320,0,0.11
60321,0,0.08
60322,0,0.04
60379,0,0.2
60380,0,0.2
60381,0,0.23
60382,0,0.12
60383,0,0.21
60384,0,0.17
60385,0,0.18
60386,0,0.19
60387,0,0.17
60388,0,0.18
60389,0,0.17
60390,0,0.15
60391,0,0.19
60392,0,0.21
60393,0,0.27
60397,0,0.07
60398,0,0.04
60399,0,0.11
60400,0,0.11
60401,0,0.11
60402,0,0.07
60403,0,0.08
60460,0,0.3
60461,0,0.23
60462,0,0.24
60463,0,0.16
60464,0,0.11
60465,0,0.19
60466,0,0.21
60467,0,0.2
60468,0,0.18
60469,0,0.18
60470,0,0.23
60471,0,0.16
60472,0,0.1
60473,0,0.12
60474,0,0.19
60478,0,0.05
60479,0,0.03
60480,0,0.09
60481,0,0.07
60482,0,0.15
60483,0,0.09
60484,0,0.04
60541,0,0.22
60542,0,0.19
60543,0,0.24
60544,0,0.19
60545,0,0.1
60546,0,0.12
60547,0,0.19
60548,0,0.23
60549,0,0.16
60550,0,0.16
60551,0,0.21
60552,0,0.24
60553,0,0.11
60554,0,0.12
60555,0,0.12
60556,0,0.22
60557,0,0.19
60560,0,0.06
60561,0,0.04
60562,0,0.07
60563,0,0.14
60564,0,0.13
60565,0,0.06
60566,0,0.1
60621,0,0.22
60622,0,0.17
60623,0,0.23
60624,0,0.21
60625,0,0.13
60626,0,0
60627,0,0.16
60628,0,0.23
60629,0,0.15
60630,0,0.17
60631,0,0.2
60632,0,0.23
60633,0,0.23
60634,0,0.01
60635,0,0.02
60636,0,0.1
60637,0,0.2
60638,0,0.22
60640,0,0.08
60641,0,0.02
60642,0,0.08
60643,0,0.03
60644,0,0.22
60645,0,0.09
60646,0,0.07
60702,0,0.23
60703,0,0.17
60704,0,0.18
60705,0,0.21
60706,0,0.19
60707,0,0.02
60708,0,0.04
60709,0,0.16
60710,0,0.18
60711,0,0.13
60712,0,0.17
60713,0,0.21
60714,0,0.19
60715,0,0.03
60716,0,0
60717,0,0
60718,0,0.03
60719,0,0.25
60720,0,0.07
60722,0,0.06
60723,0,0.04
60724,0,0.03
60725,0,0.08
60726,0,0.13
60727,0,0.05
60783,0,0.33
60784,0,0.18
60785,0,0.16
60786,0,0.18
60787,0,0.18
60788,0,0.13
60789,0,0
60790,0,0.12
60791,0,0.13
60792,0,0.08
60793,0,0.22
60794,0,0.24
60795,0,0.25
60796,0,0.09
60797,0,0
60798,0,0
60799,0,0
60800,0,0.01
60801,0,0.07
60802,0,0.04
60803,0,0.06
60804,0,0.01
60805,0,0.07
60806,0,0.06
60807,0,0.11
60808,0,0.06
60809,0,0.1
60863,0,0.34
60864,0,0.21
60865,0,0.17
60866,0,0.2
60867,0,0.17
60868,0,0.13
60869,0,0.03
60870,0,0
60871,0,0.18
60872,0,0.07
60873,0,0.12
60874,0,0.23
60875,0,0.25
60876,0,0.25
60877,0,0.01
60878,0,0
60879,0,0
60880,0,0.01
60881,0,0.01
60882,0,0.06
60883,0,0.05
60884,0,0.05
60885,0,0.02
60886,0,0.02
60887,0,0.12
60888,0,0.09
60889,0,0.12
60944,0,0.38
60945,0,0.24
60946,0,0.15
60947,0,0.16
60948,0,0.18
60949,0,0.15
60950,0,0.14
60951,0,0.04
60952,0,0.14
60953,0,0.08
60954,0,0.1
60955,0,0.14
60956,0,0.21
60957,0,0.24
60958,0,0.14
60959,0,0.01
60960,0,0
60961,0,0.01
60962,0,0.02
60963,0,0.02
60964,0,0.06
60965,0,0.03
60966,0,0.07
60967,0,0.04
60968,0,0.03
60969,0,0.15
60970,0,0.07
60971,0,0.1
61025,0,0.34
61026,0,0.28
61027,0,0.2
61028,0,0.14
61029,0,0.17
61030,0,0.18
61031,0,0.15
61032,0,0.09
61033,0,0.02
61034,0,0.08
61035,0,0.05
61036,0,0.12
61037,0,0.18
61038,0,0.21
61039,0,0.25
61040,0,0.03
61041,0,0
61042,0,0
61043,0,0.02
61044,0,0.02
61045,0,0.01
61046,0,0.04
61047,0,0.02
61048,0,0.04
61049,0,0.01
61050,0,0.13
61051,0,0.1
61052,0,0.12
61105,0,0.31
61106,0,0.28
61107,0,0.2
61108,0,0.14
61109,0,0.15
61110,0,0.16
61111,0,0.13
61112,0,0.11
61113,0,0.04
61114,0,0
61115,0,0.01
61116,0,0.09
61117,0,0.13
61118,0,0.17
61119,0,0.18
61120,0,0.11
61121,0,0
61122,0,0
61123,0,0.01
61124,0,0.02
61125,0,0.02
61126,0,0.06
61127,0,0.02
61128,0,0.02
61129,0,0.02
61130,0,0.03
61131,0,0.09
61132,0,0.12
61187,0,0.29
61188,0,0.23
61189,0,0.15
61190,0,0.14
61191,0,0.16
61192,0,0.17
61193,0,0.13
61194,0,0.08
61195,0,0.02
61196,0,0
61197,0,0
61198,0,0.11
61199,0,0.15
61200,0,0.16
61201,0,0.15
61202,0,0.02
61203,0,0
61204,0,0.01
61205,0,0.02
61206,0,0.01
61207,0,0.01
61208,0,0.04
61209,0,0.05
61210,0,0.03
61211,0,0.01
61212,0,0.07
61213,0,0.14
61268,0,0.27
61269,0,0.3
61270,0,0.21
61271,0,0.14
61272,0,0.15
61273,0,0.16
61274,0,0.12
61275,0,0.11
61276,0,0.07
61277,0,0
61278,0,0
61279,0,0.05
61280,0,0.1
61281,0,0.2
61282,0,0.17
61283,0,0.04
61284,0,0
61285,0,0.01
61286,0,0.01
61287,0,0
61288,0,0.01
61289,0,0.04
61290,0,0.03
61291,0,0.02
61292,0,0.01
61293,0,0.07
61294,0,0.07
61348,0,0.27
61349,0,0.24
61350,0,0.23
61351,0,0.18
61352,0,0.15
61353,0,0.15
61354,0,0.14
61355,0,0.14
61356,0,0.09
61357,0,0.05
61358,0,0
61359,0,0
61360,0,0.05
61361,0,0.12
61362,0,0.18
61363,0,0.11
61364,0,0.01
61365,0,0
61366,0,0.01
61367,0,0.01
61368,0,0.02
61369,0,0.01
61370,0,0.04
61371,0,0.02
61372,0,0.01
61373,0,0.03
61374,0,0.08
61375,0,0.09
61430,0,0.26
61431,0,0.24
61432,0,0.22
61433,0,0.16
61434,0,0.17
61435,0,0.14
61436,0,0.14
61437,0,0.13
61438,0,0.07
61439,0,0.01
61440,0,0.01
61441,0,0.05
61442,0,0.07
61443,0,0.1
61444,0,0.18
61445,0,0.02
61446,0,0
61447,0,0.01
61448,0,0.05
61449,0,0.03
61450,0,0.01
61451,0,0.06
61452,0,0
61453,0,0.02
61454,0,0.03
61455,0,0.08
61456,0,0.11
61511,0,0.25
61512,0,0.25
61513,0,0.25
61514,0,0.17
61515,0,0.17
61516,0,0.13
61517,0,0.13
61518,0,0.13
61519,0,0.09
61520,0,0.06
61521,0,0
61522,0,0
61523,0,0.05
61524,0,0.09
61525,0,0.19
61526,0,0.14
61527,0,0.07
61528,0,0.01
61529,0,0.05
61530,0,0.06
61531,0,0.04
61532,0,0
61533,0,0.03
61534,0,0.04
61535,0,0.18
61536,0,0.06
61537,0,0.07
61592,0,0.23
61593,0,0.28
61594,0,0.22
61595,0,0.17
61596,0,0.14
61597,0,0.15
61598,0,0.14
61599,0,0.12
61600,0,0.07
61601,0,0.02
61602,0,0
61603,0,0.04
61604,0,0.04
61605,0,0.07
61606,0,0.2
61607,0,0.18
61608,0,0.09
61609,0,0.02
61610,0,0.05
61611,0,0.08
61612,0,0.02
61613,0,0.05
61614,0,0.02
61615,0,0.07
61616,0,0.18
61617,0,0.08
61673,0,0.27
61674,0,0.26
61675,0,0.34
61676,0,0.22
61677,0,0.18
61678,0,0.14
61679,0,0.14
61680,0,0.14
61681,0,0.12
61682,0,0.06
61683,0,0
61684,0,0
61685,0,0.02
61686,0,0.02
61687,0,0.2
61688,0,0.2
61689,0,0.17
61690,0,0.15
61691,0,0.16
61692,0,0.07
61693,0,0.05
61694,0,0.01
61695,0,0.03
61696,0,0.03
61697,0,0.26
61698,0,0.23
61699,0,0.08
61755,0,0.28
61756,0,0.28
61757,0,0.23
61758,0,0.19
61759,0,0.14
61760,0,0.12
61761,0,0.14
61762,0,0.12
61763,0,0.07
61764,0,0.07
61765,0,0
61766,0,0
61767,0,0
61768,0,0.15
61769,0,0.34
61770,0,0.2
61771,0,0.18
61772,1,0.2
61773,0,0.23
61774,0,0.05
61775,0,0.03
61776,0,0.03
61777,0,0.08
61778,0,0.07
61779,0,0.14
61780,0,0.1
61835,0,0.3
61836,0,0.31
61837,0,0.25
61838,0,0.23
61839,0,0.19
61840,0,0.14
61841,0,0.15
61842,0,0.12
61843,0,0.12
61844,0,0.07
61845,0,0.09
61846,0,0
61847,0,0
61848,0,0.03
61849,0,0.24
61850,0,0.31
61851,0,0.23
61852,1,0.31
61853,1,0.29
61854,1,0.2
61855,0,0.07
61856,0,0.02
61857,0,0.04
61858,0,0.04
61859,0,0.08
61860,0,0.21
61861,0,0.07
61917,0,0.28
61918,0,0.25
61919,0,0.23
61920,0,0.2
61921,0,0.16
61922,0,0.16
61923,0,0.13
61924,0,0.12
61925,0,0.1
61926,0,0.07
61927,0,0.06
61928,0,0
61929,0,0.03
61930,0,0.22
61931,0,0.36
61932,0,0.34
61933,0,0.31
61934,1,0.32
61935,1,0.28
61936,1,0.08
61937,0,0.02
61938,0,0.02
61939,0,0.01
61940,0,0.04
61941,0,0.23
61942,0,0.06
61947,0,0.03
61998,0,0.23
61999,0,0.25
62000,0,0.24
62001,0,0.2
62002,0,0.17
62003,0,0.14
62004,0,0.12
62005,0,0.12
62006,0,0.12
62007,0,0.09
62008,0,0.07
62009,0,0.01
62010,0,0
62011,0,0.16
62012,0,0.41
62013,0,0.39
62014,0,0.38
62015,1,0.37
62016,1,0.33
62017,1,0.18
62018,1,0.07
62019,1,0.03
62020,0,0.03
62021,0,0
62022,0,0.07
62023,0,0.14
62029,0,0
62079,0,0.2
62080,0,0.25
62081,0,0.22
62082,0,0.18
62083,0,0.17
62084,0,0.13
62085,0,0.11
62086,0,0.12
62087,0,0.12
62088,0,0.16
62089,0,0.05
62090,0,0
62091,0,0
62092,0,0.42
62093,0,0.41
62094,0,0.38
62095,1,0.38
62096,1,0.34
62097,1,0.31
62098,1,0.15
62099,1,0.03
62100,0,0.06
62101,0,0
62102,0,0
62103,0,0.11
62104,0,0.04
62109,0,0.03
62160,0,0.22
62161,0,0.23
62162,0,0.22
62163,0,0.24
62164,0,0.21
62165,0,0.16
62166,0,0.11
62167,0,0.13
62168,0,0.13
62169,0,0.19
62170,0,0.17
62171,0,0.01
62172,0,0.01
62173,0,0.31
62174,0,0.44
62175,0,0.41
62176,1,0.39
62177,1,0.33
62178,1,0.33
62179,1,0.17
62180,0,0.05
62181,1,0.09
62182,0,0
62183,0,0
62184,0,0.03
62185,0,0.04
62189,0,0.08
62190,0,0.08
62191,0,0.05
62242,0,0.25
62243,0,0.23
62244,0,0.23
62245,0,0.21
62246,0,0.16
62247,0,0.15
62248,0,0.13
62249,0,0.13
62250,0,0.18
62251,0,0.22
62252,0,0.16
62253,0,0.01
62254,0,0.19
62255,0,0.45
62256,0,0.42
62257,1,0.44
62259,1,0.33
62260,1,0.26
62261,1,0.19
62262,0,0.14
62263,0,0.01
62264,0,0
62265,0,0.02
62266,0,0.05
62267,0,0.04
62271,0,0.05
62272,0,0.08
62322,0,0.24
62323,0,0.24
62324,0,0.21
62325,0,0.2
62326,0,0.19
62327,0,0.17
62328,0,0.15
62329,0,0.11
62330,0,0.18
62331,0,0.25
62332,0,0.19
62333,0,0.05
62334,0,0.05
62335,0,0.66
62336,1,0.58
62337,0,0.55
62338,1,0.5
62339,1,0.4
62340,1,0.34
62341,1,0.19
62342,0,0.03
62343,0,0.05
62344,0,0
62345,0,0
62346,0,0.05
62347,0,0.03
62351,0,0.2
62352,0,0.07
62353,0,0.04
62404,0,0.28
62405,0,0.2
62406,0,0.22
62407,0,0.15
62408,0,0.18
62409,0,0.15
62410,0,0.15
62411,0,0.17
62412,0,0.26
62413,0,0.23
62414,0,0.2
62415,0,0.05
62416,0,0.73
62417,0,0.9
62418,1,0.85
62419,1,0.58
62420,1,0.48
62421,1,0.35
62422,1,0.21
62423,1,0.08
62424,0,0.12
62425,0,0
62426,0,0
62427,0,0.05
62428,0,0.07
62429,0,0.04
62432,0,0.27
62433,0,0.1
62434,0,0.06
62485,0,0.33
62486,0,0.28
62487,0,0.22
62488,0,0.17
62489,0,0.17
62490,0,0.18
62491,0,0.15
62492,0,0.17
62493,0,0.28
62494,0,0.33
62495,0,0.26
62496,0,0.11
62497,1,0.1
62498,0,0.9
62499,1,0.84
62500,1,0.86
62501,1,0.72
62502,1,0.38
62503,1,0.36
62504,1,0.12
62505,0,0.16
62506,0,0.01
62508,0,0.04
62509,0,0.04
62510,0,0.04
62511,0,0.03
62512,0,0.2
62513,0,0.28
62514,0,0.2
62515,0,0.03
62516,0,0.01
62566,0,0.37
62567,0,0.35
62568,0,0.19
62569,0,0.19
62570,0,0.14
62571,0,0.2
62572,0,0.19
62573,0,0.36
62574,0,0.3
62575,0,0.29
62576,0,0.31
62577,1,0.15
62578,1,0.11
62579,1,0.82
62580,1,0.82
62581,1,0.79
62582,1,0.63
62583,1,0.32
62584,1,0.12
62585,0,0.16
62586,0,0
62587,0,0
62588,0,0
62589,0,0.05
62590,0,0.08
62591,0,0.03
62592,0,0.2
62593,0,0.2
62594,0,0.25
62595,0,0.07
62596,0,0.02
62647,0,0.37
62648,0,0.4
62649,0,0.25
62650,0,0.2
62651,0,0.18
62652,0,0.17
62653,0,0.25
62654,0,0.28
62655,0,0.27
62656,0,0.28
62657,0,0.33
62658,1,0.42
62659,1,0.27
62660,1,0.67
62661,1,0.8
62662,1,0.77
62663,1,0.78
62664,1,0.3
62665,1,0.11
62666,1,0.16
62667,0,0.05
62668,0,0
62669,0,0
62670,0,0.01
62671,0,0.05
62672,0,0.02
62673,0,0.07
62674,0,0.15
62675,0,0.13
62676,0,0.11
62677,0,0.03
62678,0,0.02
62729,0,0.37
62730,0,0.34
62731,0,0.31
62732,0,0.25
62733,0,0.21
62734,0,0.3
62735,0,0.38
62736,0,0.25
62737,0,0.26
62738,0,0.27
62739,1,0.41
62740,1,0.34
62741,1,0.63
62742,1,0.88
62743,1,0.81
62744,1,0.84
62745,1,0.69
62746,1,0.16
62747,1,0.04
62748,0,0.11
62749,0,0.02
62750,0,0
62751,0,0
62752,0,0.03
62753,0,0
62754,0,0.05
62755,0,0.03
62756,0,0.07
62757,0,0.14
62758,0,0.03
62759,0,0.03
62809,0,0.38
62810,0,0.4
62811,0,0.32
62812,0,0.32
62813,0,0.25
62814,0,0.3
62815,0,0.44
62816,0,0.36
62817,0,0.31
62818,0,0.34
62819,0,0.41
62820,1,0.56
62821,1,0.56
62822,1,0.87
62823,1,0.85
62824,1,0.81
62825,1,0.4
62826,1,0.26
62827,1,0.08
62828,1,0.12
62829,0,0.01
62830,0,0
62831,0,0
62832,0,0
62833,0,0.02
62834,0,0.03
62835,0,0.05
62836,0,0.05
62837,0,0.13
62838,0,0.04
62839,0,0.03
62840,0,0.04
62891,0,0.42
62892,0,0.35
62893,0,0.33
62894,0,0.36
62895,0,0.38
62896,0,0.4
62897,0,0.4
62898,0,0.34
62899,0,0.3
62900,0,0.42
62901,1,0.52
62902,1,0.59
62903,1,0.76
62904,1,0.89
62905,1,0.87
62906,1,0.31
62907,1,0.15
62908,1,0.08
62909,0,0.16
62910,0,0.02
62911,0,0.01
62912,0,0
62913,0,0
62914,0,0
62915,0,0
62916,0,0.06
62917,0,0.04
62918,0,0.16
62919,0,0.06
62920,0,0.02
62921,0,0.03
62972,0,0.4
62973,0,0.42
62974,0,0.35
62975,0,0.35
62976,0,0.37
62977,0,0.42
62978,0,0.43
62979,0,0.4
62980,0,0.3
62981,0,0.39
62982,1,0.55
62983,1,0.6
62984,1,0.82
62985,1,0.84
62986,1,0.94
62987,1,0.47
62988,0,0.21
62989,1,0.06
62990,0,0.03
62991,0,0.02
62992,0,0
62993,0,0
62994,0,0
62995,0,0
62996,0,0
62997,0,0.05
62998,0,0.06
62999,0,0.1
63000,0,0.05
63001,0,0.04
63002,0,0.02
63003,0,0.04
63053,0,0.42
63054,0,0.36
63055,0,0.35
63056,0,0.39
63057,0,0.41
63058,0,0.42
63059,0,0.37
63060,0,0.45
63061,0,0.34
63062,0,0.53
63063,1,0.63
63064,1,0.77
63065,1,0.73
63066,1,0.84
63067,1,0.62
63068,0,0.34
63069,0,0.21
63070,1,0.07
63071,0,0.07
63072,0,0
63074,0,0
63075,0,0
63076,0,0
63077,0,0.01
63078,0,0.06
63079,0,0.07
63080,0,0.08
63081,0,0.05
63082,0,0.03
63083,0,0.02
63134,0,0.41
63135,0,0.36
63136,0,0.35
63137,0,0.4
63138,0,0.42
63139,0,0.44
63140,0,0.45
63141,0,0.42
63142,0,0.43
63143,0,0.52
63145,1,0.6
63146,1,0.81
63147,1,0.84
63148,1,0.82
63149,1,0.38
63150,0,0.2
63151,0,0.07
63152,0,0.05
63153,0,0
63154,0,0
63155,0,0
63156,0,0
63157,0,0
63158,0,0
63159,0,0
63160,0,0.04
63161,0,0.17
63162,0,0.06
63163,0,0.03
63164,0,0.02
63165,0,0.03
63216,0,0.35
63217,0,0.36
63218,0,0.38
63219,0,0.43
63220,0,0.45
63221,0,0.46
63222,0,0.47
63223,0,0.46
63226,1,0.63
63227,1,0.82
63228,1,0.85
63229,1,0.79
63230,1,0.61
63231,0,0.18
63232,0,0.06
63233,0,0.07
63234,0,0.01
63235,0,0
63236,0,0
63237,0,0
63238,0,0
63239,0,0
63240,0,0
63241,0,0.05
63242,0,0.14
63243,0,0.08
63244,0,0.04
63245,0,0.04
63246,0,0.02
63296,0,0.38
63297,0,0.36
63298,0,0.36
63299,0,0.42
63300,0,0.44
63301,0,0.51
63302,0,0.56
63307,1,0.77
63308,1,0.87
63309,1,0.82
63310,1,0.57
63311,1,0.24
63312,0,0.1
63313,0,0.07
63314,0,0.02
63315,0,0
63316,0,0
63317,0,0
63318,0,0
63319,0,0.02
63320,0,0.01
63321,0,0.01
63322,0,0.05
63323,0,0.16
63324,0,0.04
63325,0,0.03
63326,0,0.02
63327,0,0.03
63378,0,0.35
63379,0,0.36
63380,0,0.38
63381,0,0.43
63382,0,0.43
63383,0,0.54
63389,1,0.88
63390,1,0.73
63391,1,0.65
63392,1,0.19
63393,0,0.04
63394,0,0.08
63395,0,0.02
63396,0,0
63397,0,0
63398,0,0
63399,0,0
63400,0,0.02
63401,0,0.02
63402,0,0.05
63403,0,0.07
63404,0,0.23
63405,0,0.05
63406,0,0.04
63407,0,0.05
63408,0,0.01
63459,0,0.4
63460,0,0.35
63461,0,0.35
63462,0,0.43
63463,0,0.54
63470,1,0.65
63471,1,0.76
63472,1,0.68
63473,1,0.1
63474,1,0.07
63475,0,0.13
63476,0,0.03
63477,0,0
63478,0,0
63479,0,0
63480,0,0.01
63481,0,0.01
63482,0,0.02
63483,0,0.05
63484,0,0.11
63485,0,0.13
63486,0,0.03
63487,0,0.06
63488,0,0.08
63489,0,0.02
63490,0,0.04
63540,0,0.4
63541,0,0.36
63542,0,0.36
63543,0,0.53
63550,1,0.56
63551,1,0.52
63552,1,0.68
63553,1,0.32
63554,1,0.08
63555,0,0.04
63556,0,0.03
63557,0,0
63558,0,0
63559,0,0
63560,0,0
63561,0,0
63562,0,0.04
63563,0,0.03
63564,0,0.04
63565,0,0.08
63566,0,0.08
63567,0,0.06
63568,0,0.08
63569,0,0.03
63570,0,0.03
63621,0,0.36
63622,0,0.45
63623,0,0.43
63625,0,0.5
63632,1,0.53
63633,1,0.49
63634,1,0.2
63635,1,0.15
63636,0,0.06
63637,0,0
63638,0,0.01
63639,0,0
63640,0,0
63641,0,0
63642,0,0.01
63643,0,0.02
63644,0,0.02
63645,0,0.03
63646,0,0.03
63647,0,0.06
63648,0,0.05
63649,0,0.08
63650,0,0.07
63651,0,0.03
63652,0,0.04
63703,0,0.39
63704,0,0.42
63707,0,0.46
63713,1,0.47
63714,1,0.55
63715,1,0.19
63716,1,0.14
63717,1,0.04
63718,0,0
63719,0,0
63720,0,0
63721,0,0
63722,0,0.01
63723,0,0.01
63724,0,0.02
63725,0,0.02
63726,0,0.02
63727,0,0.02
63728,0,0.02
63729,0,0.06
63730,0,0.06
63731,0,0.06
63732,0,0.03
63733,0,0.03
63783,0,0.36
63784,0,0.39
63785,0,0.38
63793,1,0.44
63794,1,0.51
63795,1,0.28
63796,1,0.14
63797,1,0.04
63798,0,0.03
63799,0,0
63800,0,0
63801,0,0.01
63802,0,0.01
63803,0,0.02
63804,0,0.02
63805,0,0.02
63806,0,0.02
63807,0,0.02
63808,0,0.03
63809,0,0.04
63810,0,0.06
63811,0,0.08
63812,0,0.03
63813,0,0.02
63814,0,0.03
63865,0,0.39
63866,0,0.37
63873,1,0.49
63874,1,0.47
63875,1,0.51
63876,1,0.24
63877,1,0.17
63878,1,0.07
63879,1,0.02
63880,0,0
63881,0,0
63882,0,0.01
63883,0,0.01
63884,0,0.03
63885,0,0.03
63886,0,0.05
63887,0,0.02
63888,0,0.01
63889,0,0.01
63890,0,0.04
63894,0,0.01
63895,0,0.03
63946,0,0.33
63947,0,0.38
63948,0,0.39
63954,1,0.47
63955,1,0.48
63956,1,0.4
63957,1,0.17
63958,1,0.14
63959,1,0.11
63960,0,0.03
63961,0,0
63962,0,0
63963,0,0
63964,0,0
63965,0,0.03
63967,0,0.07
63968,0,0.02
63969,0,0.01
63970,0,0
63971,0,0.04
63976,0,0.02
64027,0,0.36
64028,0,0.36
64034,1,0.5
64035,1,0.42
64036,1,0.48
64037,1,0.21
64038,1,0.12
64039,1,0.07
64040,1,0.05
64041,0,0.02
64042,0,0
64043,0,0.01
64044,0,0.01
64045,0,0.02
64048,0,0.03
64049,0,0.01
64050,0,0.01
64051,0,0.04
64056,0,0.03
64109,0,0.33
64110,0,0.3
64115,1,0.41
64116,1,0.29
64117,1,0.23
64118,1,0.16
64119,1,0.21
64120,1,0.07
64121,1,0.01
64122,0,0.01
64123,0,0.01
64124,0,0.01
64125,0,0
64126,0,0.02
64127,0,0.07
64131,0,0.04
64191,0,0.31
64196,1,0.44
64197,1,0.27
64198,1,0.24
64199,1,0.22
64200,1,0.14
64201,1,0.07
64202,0,0.02
64203,0,0
64204,0,0
64205,0,0.01
64206,0,0
64207,0,0
64208,0,0.03
64272,0,0.29
64276,1,0.43
64277,1,0.23
64278,1,0.33
64279,1,0.21
64280,0,0.14
64281,1,0.05
64282,1,0.01
64283,0,0
64284,0,0
64285,0,0.01
64286,0,0
64287,0,0.01
64288,0,0.02
64293,0,0.07
64358,1,0.44
64359,1,0.26
64360,1,0.18
64361,1,0.22
64362,0,0.1
64363,0,0
64364,0,0
64365,0,0.01
64366,0,0
64367,0,0.02
64368,0,0
64369,0,0.03
64439,1,0.33
64440,1,0.24
64441,1,0.14
64442,1,0.14
64443,0,0.09
64444,0,0.04
64445,0,0.01
64446,0,0
64447,0,0.01
64448,0,0.02
64449,0,0
64450,0,0.02
64451,0,0.04
64519,1,0.34
64520,1,0.43
64521,1,0.14
64522,1,0.12
64523,1,0.08
64524,0,0.06
64525,0,0
64526,0,0
64527,0,0
64528,0,0
64529,0,0.01
64530,0,0.03
64531,0,0.03
64601,1,0.34
64602,1,0.19
64603,1,0.14
64604,1,0.12
64605,0,0.06
64606,0,0.03
64607,0,0
64608,0,0
64609,0,0.04
64610,0,0.05
64611,0,0.04
64612,0,0.02
64682,1,0.38
64683,1,0.41
64684,1,0.08
64685,1,0.1
64686,0,0.08
64687,0,0.04
64688,0,0
64689,0,0
64690,0,0.01
64691,0,0.04
64692,0,0.05
64693,0,0.02
64694,0,0.02
64763,1,0.39
64764,1,0.3
64765,1,0.13
64766,1,0.08
64767,0,0.03
64768,0,0
64769,0,0.01
64770,0,0.04
64771,0,0.06
64772,0,0.03
64773,0,0.02
64774,0,0.04
64844,1,0.4
64845,1,0.51
64846,1,0.17
64847,1,0.12
64848,1,0.03
64849,0,0.02
64850,0,0.06
64851,0,0.07
64852,0,0.05
64853,0,0.04
64854,0,0.04
64855,0,0.02
64856,0,0.02
64926,1,0.45
64927,1,0.38
64928,1,0.16
64929,1,0.05
64930,0,0.06
64931,0,0.04
64932,0,0.03
64933,0,0.07
64934,0,0.05
64935,0,0.04
64936,0,0.03
64937,0,0.02
65007,1,0.49
65008,1,0.17
65009,1,0.12
65010,1,0.03
65011,0,0.01
65012,0,0.06
65013,0,0.07
65014,0,0.07
65015,0,0.06
65016,0,0.02
65017,0,0.03
65018,0,0.01
65088,1,0.62
65089,1,0.38
65090,1,0.16
65091,1,0.03
65092,0,0.06
65093,0,0.04
65094,0,0.06
65095,0,0.08
65096,0,0.06
65097,0,0.03
65098,0,0.02
65099,0,0.02
65103,0,0.05
65104,0,0.05
65170,1,0.69
65171,1,0.22
65172,1,0.13
65173,1,0.07
65174,0,0.17
65175,0,0.09
65176,0,0.08
65177,0,0.08
65178,0,0.08
65179,0,0.03
65180,0,0.03
65181,0,0.02
65182,0,0.03
65183,0,0.07
65184,0,0.04
65185,0,0.04
65251,1,0.46
65252,1,0.18
65253,1,0.12
65254,0,0.27
65255,0,0.14
65256,0,0.06
65257,0,0.07
65258,0,0.06
65259,0,0.06
65260,0,0.03
65261,0,0.02
65262,0,0.01
65263,0,0.03
65264,0,0.05
65265,0,0.04
65266,0,0.03
65332,1,0.66
65333,1,0.25
65334,1,0.22
65335,0,0.44
65336,0,0.13
65337,0,0.04
65338,0,0.07
65339,0,0.07
65340,0,0.08
65341,0,0.05
65342,0,0.03
65343,0,0.03
65344,0,0.03
65345,0,0.04
65346,0,0.02
65347,0,0.04
65413,1,0.6
65414,1,0.32
65415,1,0.2
65416,0,0.5
65417,0,0.21
65418,0,0.14
65419,0,0.06
65420,0,0.06
65421,0,0.07
65422,0,0.04
65423,0,0.05
65424,0,0.03
65425,0,0.02
65426,0,0.03
65427,0,0.03
65428,0,0.03
65429,0,0.02
65492,1,0.63
65493,1,0.61
65494,1,0.68
65495,1,0.28
65496,1,0.63
65497,0,0.21
65498,0,0.05
65499,0,0.06
65500,0,0.05
65501,0,0.09
65502,0,0.11
65503,0,0.05
65504,0,0.03
65505,0,0.02
65506,0,0.03
65507,0,0.03
65508,0,0.03
65509,0,0.03
65574,1,0.7
65575,1,0.61
65576,1,0.48
65577,0,0.11
65578,0,0.24
65579,0,0.1
65580,0,0.05
65581,0,0.06
65582,0,0.07
65583,0,0.09
65584,0,0.09
65585,0,0.04
65586,0,0.01
65587,0,0
65588,0,0.03
65589,0,0.03
65590,0,0.03
65591,0,0.01
65655,1,0.61
65656,1,0.73
65657,1,0.71
65658,1,0.19
65659,0,0.3
65660,0,0.09
65661,0,0.03
65662,0,0.06
65663,0,0.1
65664,0,0.12
65665,0,0.07
65666,0,0.35
65667,0,0.02
65668,0,0
65669,0,0
65670,0,0.02
65671,0,0.03
65672,0,0.01
65736,1,0.67
65737,1,0.62
65738,1,0.36
65739,0,0.27
65740,0,0.25
65741,0,0.07
65742,0,0.05
65743,0,0.06
65744,0,0.2
65745,0,0.09
65746,0,0.1
65747,0,0.04
65748,0,0.01
65749,0,0
65750,0,0.02
65751,0,0.04
65752,0,0.02
65753,0,0.04
65817,1,0.6
65818,1,0.74
65819,1,0.74
65820,0,0.44
65821,0,0.33
65822,0,0.11
65823,0,0.04
65824,0,0.09
65825,0,0.15
65826,0,0.09
65827,0,0.1
65828,0,0.11
65829,0,0.03
65830,0,0
65831,0,0
65832,0,0.02
65833,0,0.02
65834,0,0.04
65899,1,0.71
65900,1,0.71
65901,1,0.7
65902,0,0.44
65903,0,0.19
65904,0,0.07
65905,0,0.07
65906,0,0.07
65907,0,0.1
65908,0,0.14
65909,0,0.09
65910,0,0.07
65911,0,0
65912,0,0
65913,0,0
65914,0,0.03
65915,0,0
65916,0,0.04
65979,1,0.62
65980,1,0.78
65981,1,0.89
65982,0,0.49
65983,0,0.28
65984,0,0.13
65985,0,0.11
65986,0,0.07
65987,0,0.1
65988,0,0.17
65989,0,0.11
65990,0,0.07
65991,0,0.02
65992,0,0
65993,0,0
65994,0,0.01
65995,0,0
65996,0,0.04
66060,1,0.65
66061,1,0.74
66062,1,0.85
66063,1,0.66
66064,0,0.43
66065,0,0.21
66066,0,0.12
66067,0,0.1
66068,0,0.09
66069,0,0.11
66070,0,0.1
66071,0,0.07
66072,0,0.03
66073,0,0
66074,0,0
66075,0,0
66076,0,0.02
66077,0,0
66142,1,0.71
66143,1,0.87
66144,1,0.75
66145,0,0.52
66146,0,0.18
66147,0,0.14
66148,0,0.1
66149,0,0.12
66150,0,0.1
66151,0,0.11
66152,0,0.11
66153,0,0.05
66154,0,0.01
66155,0,0
66156,0,0
66157,0,0.02
66158,0,0
66222,1,0.72
66223,1,0.87
66224,1,0.77
66225,1,0.58
66226,0,0.26
66227,0,0.12
66228,0,0.09
66229,0,0.1
66230,0,0.09
66231,0,0.12
66232,0,0.1
66233,0,0.01
66234,0,0.01
66235,0,0
66236,0,0
66237,0,0
66238,0,0
66304,1,0.83
66305,1,0.75
66306,1,0.53
66307,0,0.22
66308,0,0.12
66309,0,0.07
66310,0,0.1
66311,0,0.08
66312,0,0.09
66313,0,0.11
66314,0,0.01
66315,0,0.02
66316,0,0
66317,0,0
66318,0,0
66319,0,0
66385,1,0.81
66386,1,0.72
66387,1,0.67
66388,1,0.5
66389,0,0.26
66390,0,0.16
66391,0,0.11
66392,0,0.09
66393,0,0.13
66394,0,0.12
66395,0,0.05
66396,0,0.02
66397,0,0
66398,0,0
66399,0,0
66400,0,0
66466,1,0.91
66467,1,0.5
66468,1,0.53
66469,0,0.24
66470,0,0.18
66471,0,0.12
66472,0,0.1
66473,0,0.12
66474,0,0.16
66475,0,0.02
66476,0,0.02
66477,0,0.04
66478,0,0
66479,0,0
66480,0,0
66481,0,0.01
66547,1,0.84
66548,1,0.5
66549,1,0.45
66550,1,0.18
66551,0,0.17
66552,0,0.07
66553,0,0.1
66554,0,0.13
66555,0,0.15
66556,0,0.08
66557,0,0.02
66558,0,0.03
66559,0,0.01
66560,0,0
66561,0,0
66562,0,0.03
66628,1,0.79
66629,1,0.85
66630,1,0.23
66631,0,0.2
66632,0,0.16
66633,0,0.1
66634,0,0.05
66635,0,0.16
66636,0,0.14
66637,0,0.1
66638,0,0.02
66639,0,0.01
66640,0,0.04
66641,0,0
66642,0,0.01
66643,0,0.05
66644,0,0.04
66709,1,0.82
66710,1,0.42
66711,1,0.22
66712,0,0.17
66713,0,0.11
66714,0,0.02
66715,0,0.1
66716,0,0.24
66717,0,0.14
66718,0,0.05
66719,0,0.02
66720,0,0.03
66721,0,0
66722,0,0
66723,0,0.03
66724,0,0.05
66790,1,0.78
66791,1,0.64
66792,1,0.27
66793,0,0.15
66794,0,0.1
66795,0,0.03
66796,0,0.14
66797,0,0.2
66798,0,0.22
66799,0,0.13
66800,0,0.01
66801,0,0.02
66802,0,0.05
66803,0,0
66804,0,0
66805,0,0.04
66806,0,0.04
66872,1,0.76
66873,1,0.4
66874,1,0.13
66875,0,0.14
66876,0,0.06
66877,0,0.02
66878,0,0.24
66879,0,0.24
66880,0,0.2
66881,0,0.05
66882,0,0.01
66883,0,0.03
66884,0,0.01
66885,0,0
66886,0,0.02
66887,0,0.03
66953,1,0.62
66954,1,0.22
66955,0,0.07
66956,0,0.09
66957,0,0.03
66958,0,0.17
66959,0,0.18
66960,0,0.24
66961,0,0.13
66962,0,0.01
66963,0,0
66964,0,0.02
66965,0,0
66966,0,0.02
66967,0,0.04
67034,1,0.71
67035,1,0.28
67036,1,0.1
67037,0,0.21
67038,0,0.06
67039,0,0.03
67040,0,0.56
67041,0,0.26
67042,0,0.2
67043,0,0.07
67044,0,0
67045,0,0.03
67046,0,0
67047,0,0.04
67048,0,0.05
67116,1,0.58
67117,1,0.17
67118,0,0.11
67119,0,0.1
67120,0,0.05
67121,0,0.34
67122,0,0.67
67123,0,0.29
67124,0,0.13
67125,0,0.02
67126,0,0.03
67127,0,0.02
67128,0,0
67129,0,0.04
67130,0,0.04
67196,1,0.69
67197,1,0.26
67198,1,0.07
67199,0,0.24
67200,0,0.08
67201,0,0.05
67202,0,0.55
67203,0,0.66
67204,0,0.2
67205,0,0.15
67206,0,0
67207,0,0.01
67208,0,0
67209,0,0.04
67210,0,0.03
67278,1,0.44
67279,1,0.07
67280,1,0.24
67281,0,0.27
67282,0,0.05
67283,0,0.03
67284,0,0.58
67285,0,0.14
67286,0,0.14
67287,0,0.01
67288,0,0.01
67289,0,0
67290,0,0
67291,0,0.03
67359,1,0.68
67360,1,0.15
67361,1,0.04
67362,1,0.4
67363,0,0.25
67364,0,0.01
67365,0,0.02
67366,0,0.15
67367,0,0.17
67368,0,0.06
67369,0,0.02
67370,0,0
67371,0,0
67372,0,0.04
67373,0,0.05
67440,1,0.47
67441,1,0.06
67442,1,0.08
67443,0,0.46
67444,0,0.05
67445,0,0.08
67446,0,0.11
67447,0,0.17
67448,0,0.1
67449,0,0.04
67450,0,0
67451,0,0
67452,0,0
67453,0,0.05
67454,0,0.04
67521,1,0.71
67522,1,0.23
67523,1,0.06
67524,1,0.09
67525,0,0.31
67526,0,0.11
67527,0,0.1
67528,0,0.2
67529,0,0.2
67530,0,0.09
67531,0,0
67532,0,0.01
67533,0,0
67534,0,0.02
67535,0,0.03
67536,0,0.05
67603,1,0.64
67604,1,0.07
67605,1,0.1
67606,0,0.25
67607,0,0.08
67608,0,0.1
67609,0,0.2
67610,0,0.07
67611,0,0.11
67612,0,0.06
67613,0,0
67614,0,0
67615,0,0
67616,0,0.04
67617,0,0.03
67618,0,0.07
67683,1,0.68
67684,1,0.6
67685,1,0.07
67686,1,0.07
67687,0,0.39
67688,0,0.11
67689,0,0.24
67690,0,0.24
67691,0,0.21
67692,0,0.13
67693,0,0.01
67694,0,0.01
67695,0,0
67696,0,0.03
67697,0,0.03
67698,0,0.04
67699,0,0.04
67765,1,0.77
67766,1,0.43
67767,1,0.08
67768,0,0.81
67769,0,0.38
67770,0,0.18
67771,0,0.17
67772,0,0.14
67773,0,0.11
67774,0,0.08
67775,0,0
67776,0,0.01
67777,0,0
67778,0,0.04
67779,0,0.03
67780,0,0.07
67781,0,0.04
67846,1,0.67
67847,1,0.79
67848,1,0.05
67849,0,0.09
67850,0,0.56
67851,0,0.25
67852,0,0.13
67853,0,0.22
67854,0,0.1
67855,0,0.12
67856,0,0.01
67857,0,0
67858,0,0
67859,0,0.02
67860,0,0.03
67861,0,0.05
67862,0,0.03
67863,0,0.02
67927,1,0.73
67928,1,0.49
67929,0,0.08
67930,0,0.86
67931,0,0.37
67932,0,0.16
67933,0,0.13
67934,0,0.3
67935,0,0.12
67936,0,0.12
67937,0,0
67938,0,0
67939,0,0
67940,0,0.04
67941,0,0.03
67942,0,0.04
67943,0,0.03
68008,1,0.81
68009,1,0.73
68010,1,0.59
68011,0,0.57
68012,0,0.72
68013,0,0.19
68014,0,0.13
68015,0,0.17
68016,0,0.14
68017,0,0.1
68018,0,0.07
68019,0,0
68020,0,0
68021,0,0.01
68022,0,0.01
68023,0,0
68024,0,0.02
68025,0,0.02
68090,1,0.82
68091,1,0.82
68092,0,0.94
68093,0,0.6
68094,0,0.41
68095,0,0.18
68096,0,0.2
68097,0,0.14
68098,0,0.1
68099,0,0.13
68100,0,0
68101,0,0
68102,0,0.01
68103,0,0
68104,0,0.01
68105,0,0.02
68106,0,0.02
68170,1,0.86
68171,1,0.8
68172,1,0.98
68173,0,0.77
68174,0,0.64
68175,0,0.28
68176,0,0.27
68177,0,0.13
68178,0,0.14
68179,0,0.12
68180,0,0.06
68181,0,0.02
68182,0,0
68183,0,0.02
68184,0,0
68185,0,0
68186,0,0.01
68187,0,0.02
68251,1,0.87
68252,1,0.83
68253,1,0.85
68254,0,0.97
68255,0,0.55
68256,0,0.42
68257,0,0.23
68258,0,0.32
68259,0,0.2
68260,0,0.1
68261,0,0.12
68262,0,0.03
68263,0,0.01
68264,0,0.02
68265,0,0.01
68266,0,0.01
68267,0,0
68268,0,0.01
68332,1,0.92
68333,1,0.93
68334,1,0.94
68335,1,1
68336,0,0.93
68337,0,0.49
68338,0,0.33
68339,0,0.25
68340,0,0.13
68341,0,0.12
68342,0,0.12
68343,0,0.05
68344,0,0
68345,0,0
68346,0,0.03
68347,0,0
68348,0,0.01
68349,0,0.03
68350,0,0.01
68412,1,0.93
68413,1,0.94
68414,1,0.94
68415,1,1
68416,0,0.99
68417,0,0.85
68418,0,0.37
68419,0,0.28
68420,0,0.29
68421,0,0.17
68422,0,0.1
68423,0,0.1
68425,0,0
68426,0,0.04
68427,0,0.01
68428,0,0.01
68429,0,0.02
68430,0,0
68493,1,0.96
68494,1,0.94
68495,1,0.95
68496,1,1
68497,1,1
68498,0,1
68499,0,0.51
68500,0,0.26
68501,0,0.19
68502,0,0.2
68503,0,0.12
68504,0,0.12
68506,0,0
68507,0,0
68508,0,0.05
68509,0,0.01
68510,0,0.02
68511,0,0
68512,0,0.01
68575,1,0.98
68576,1,0.95
68577,1,1
68578,1,1
68579,0,0.99
68580,0,0.87
68581,0,0.36
68582,0,0.18
68583,0,0.18
68584,0,0.11
68585,0,0.13
68588,0,0
68589,0,0.04
68590,0,0.02
68591,0,0.01
68592,0,0
68593,0,0
68655,1,0.95
68656,1,0.97
68657,1,0.95
68658,1,0.99
68659,1,0.99
68660,0,0.98
68661,0,0.79
68662,0,0.14
68663,0,0.07
68664,0,0.21
68665,0,0.09
68668,0,0
68669,0,0
68670,0,0.02
68671,0,0
68672,0,0
68673,0,0
68674,0,0.03
68737,1,1
68738,1,0.96
68739,1,0.97
68740,1,0.98
68741,1,0.96
68742,0,0.96
68743,0,0.34
68744,0,0.05
68745,0,0.07
68746,0,0.11
68750,0,0.01
68751,0,0
68752,0,0
68753,0,0
68754,0,0
68755,0,0
68756,0,0.05
68818,1,1
68819,1,1
68820,1,0.96
68821,1,0.97
68822,1,0.98
68823,1,0.88
68824,0,0.82
68825,0,0.07
68826,0,0.06
68827,0,0.07
68828,0,0.08
68831,0,0
68832,0,0
68833,0,0.02
68834,0,0
68835,0,0
68836,0,0
68837,0,0.03
68838,0,0
68898,1,1
68899,1,1
68900,1,1
68901,1,0.96
68902,1,0.97
68903,1,0.97
68904,0,0.82
68905,0,0.57
68906,0,0.07
68907,0,0.07
68908,0,0.07
68909,0,0.07
68911,0,0.01
68912,0,0
68913,0,0
68914,0,0.01
68915,0,0
68916,0,0
68917,0,0.02
68918,0,0
68919,0,0.01
68978,1,1
68979,1,1
68980,1,1
68981,1,1
68982,1,0.97
68983,1,0.96
68984,1,0.99
68985,1,0.85
68986,0,0.66
68987,0,0.06
68988,0,0.08
68989,0,0.06
68990,0,0.05
68991,0,0.05
68993,0,0.01
68994,0,0
68995,0,0
68996,0,0
68998,0,0
68999,0,0
69000,0,0
69001,0,0
69059,1,1
69061,1,1
69062,1,1
69063,1,1
69064,1,0.97
69065,1,0.98
69066,1,0.99
69067,1,0.87
69068,0,0.07
69069,0,0.07
69070,0,0.07
69071,0,0.05
69072,0,0.06
69073,0,0.03
69075,0,0
69076,0,0.01
69077,0,0
69078,0,0
69079,0,0
69080,0,0
69081,0,0
69082,0,0
69083,0,0
69140,1,1
69141,1,1
69142,1,1
69143,1,1
69144,1,1
69145,1,1
69146,1,0.97
69147,1,0.99
69148,1,0.23
69149,1,0.09
69150,0,0.07
69151,0,0.07
69152,0,0.03
69153,0,0.04
69155,0,0.01
69156,0,0.03
69157,0,0
69158,0,0
69159,0,0
69160,0,0.01
69161,0,0
69162,0,0
69163,0,0
69164,0,0
69221,1,1
69223,1,1
69224,1,1
69225,1,1
69226,1,1
69227,1,0.98
69228,1,1
69229,1,0.96
69230,1,0.37
69231,0,0.1
69232,0,0.1
69233,0,0.06
69234,0,0.02
69235,0,0.04
69237,0,0.03
69238,0,0.01
69239,0,0.01
69240,0,0
69241,0,0
69242,0,0
69243,0,0
69244,0,0
69245,0,0
69302,1,1
69303,1,1
69304,1,0.99
69305,1,1
69306,1,1
69307,1,1
69308,1,0.99
69309,1,0.98
69310,1,1
69311,1,0.62
69312,1,0.27
69313,0,0.17
69314,0,0.15
69315,0,0.09
69316,0,0.02
69317,0,0.01
69318,0,0
69319,0,0.03
69320,0,0.02
69321,0,0
69323,0,0
69324,0,0
69325,0,0.02
69326,0,0
69327,0,0
69382,1,1
69383,1,1
69384,1,0.99
69385,1,1
69386,1,1
69387,1,1
69388,1,0.99
69389,1,1
69390,1,0.98
69391,1,0.91
69392,1,0.57
69393,0,0.29
69394,0,0.25
69395,0,0.25
69396,0,0.18
69397,0,0
69398,0,0
69399,0,0.01
69400,0,0.04
69401,0,0.01
69402,0,0
69403,0,0
69404,0,0
69405,0,0
69406,0,0.01
69407,0,0
69464,1,1
69465,1,1
69466,1,0.99
69467,1,1
69468,1,1
69469,1,1
69470,1,1
69471,1,0.98
69472,1,0.96
69473,1,0.76
69474,1,0.35
69475,1,0.27
69476,1,0.26
69477,0,0.22
69478,0,0.16
69479,0,0
69481,0,0.02
69482,0,0.01
69483,0,0
69485,0,0
69486,0,0
69487,0,0
69488,0,0.01
69489,0,0
69545,1,1
69546,1,1
69547,1,0.99
69548,1,0.98
69549,1,1
69550,1,1
69551,1,1
69552,1,0.99
69553,1,0.98
69554,1,0.83
69555,1,0.66
69556,1,0.35
69557,1,0.23
69558,0,0.27
69559,0,0.2
69560,0,0.07
69563,0,0.02
69564,0,0
69565,0,0
69567,0,0
69568,0,0
69569,0,0
69570,0,0
69626,1,1
69627,1,0.98
69628,1,1
69629,1,0.98
69630,1,0.98
69631,1,1
69632,1,0.99
69633,1,0.99
69634,1,0.87
69635,1,0.79
69636,1,0.78
69637,1,0.44
69638,1,0.28
69639,0,0.29
69640,0,0.2
69641,0,0.06
69643,0,0
69644,0,0
69645,0,0
69646,0,0
69647,0,0
69648,0,0
69649,0,0
69650,0,0
69651,0,0
69708,1,1
69709,1,0.99
69710,1,0.99
69711,1,0.97
69712,1,0.97
69713,1,1
69714,1,1
69715,1,0.88
69716,1,0.83
69717,1,0.85
69718,1,0.73
69719,1,0.44
69720,0,0.41
69721,0,0.35
69722,0,0.2
69723,0,0.06
69725,0,0
69729,0,0
69730,0,0
69731,0,0
69732,0,0
69789,1,1
69790,1,0.99
69791,1,0.99
69792,1,0.99
69793,1,0.95
69794,1,0.95
69795,1,1
69796,1,0.87
69797,1,0.83
69798,1,0.75
69799,1,0.83
69800,1,0.67
69801,1,0.41
69802,0,0.39
69803,0,0.39
69804,0,0.12
69807,0,0
69810,0,0
69811,0,0
69812,0,0
69813,0,0
69814,0,0.01
69870,1,1
69871,1,1
69872,1,0.99
69873,1,0.98
69874,1,0.97
69875,1,1
69876,1,0.92
69877,1,0.81
69878,1,0.78
69879,1,0.82
69880,1,0.77
69881,1,0.44
69882,0,0.47
69883,0,0.33
69884,0,0.22
69885,0,0.09
69887,0,0
69891,0,0
69892,0,0
69893,0,0
69894,0,0
69953,1,1
69954,1,0.99
69955,1,0.98
69956,1,0.96
69957,1,1
69958,1,0.88
69959,1,0.8
69960,1,0.77
69961,1,0.81
69962,1,0.72
69963,1,0.4
69964,0,0.41
69965,0,0.41
69966,0,0.17
69972,0,0
69973,0,0
69974,0,0
69975,0,0
69976,0,0
70031,1,1
70033,1,1
70034,1,0.99
70035,1,1
70036,1,1
70037,1,0.97
70038,1,1
70039,1,0.98
70040,1,0.81
70041,1,0.76
70042,1,0.81
70043,1,0.82
70044,1,0.73
70045,0,0.65
70046,0,0.33
70047,0,0.25
70048,0,0.1
70054,0,0
70055,0,0
70056,0,0
70057,0,0
70109,1,0.99
70110,1,0.99
70111,1,1
70112,1,1
70113,1,1
70114,1,1
70115,1,1
70116,1,1
70117,1,1
70118,1,1
70119,1,1
70120,1,0.9
70121,1,0.8
70122,1,0.76
70123,1,0.81
70124,1,0.79
70125,1,0.77
70126,0,0.77
70127,0,0.45
70128,0,0.29
70129,0,0.09
70134,0,0.01
70135,0,0
70136,0,0
70137,0,0
70138,0,0
70189,1,1
70190,1,0.99
70191,1,0.99
70192,1,1
70193,1,1
70194,1,1
70195,1,1
70196,1,1
70197,1,1
70198,1,1
70199,1,0.98
70200,1,1
70201,1,0.98
70202,1,0.82
70203,1,0.77
70204,1,0.8
70205,1,0.81
70206,1,0.76
70207,0,0.76
70208,0,0.65
70209,0,0.51
70210,0,0.14
70216,0,0
70217,0,0.01
70219,0,0
70270,1,1
70271,1,1
70272,1,1
70273,1,1
70274,1,1
70275,1,1
70276,1,0.99
70277,1,1
70278,1,0.99
70279,1,1
70280,1,1
70281,1,1
70282,1,1
70283,1,0.98
70284,1,0.8
70285,1,0.84
70286,1,0.85
70287,1,0.79
70288,1,0.76
70289,0,0.77
70290,0,0.65
70291,0,0.46
70297,0,0.01
70298,0,0
70299,0,0.01
70300,0,0
70301,0,0.01
70350,1,1
70351,1,0.99
70352,1,0.99
70353,1,0.98
70354,1,1
70355,1,1
70356,1,1
70357,1,0.99
70358,1,0.99
70359,1,0.99
70360,1,1
70361,1,1
70362,1,1
70363,1,0.98
70364,1,0.87
70365,1,0.86
70366,1,0.87
70367,1,0.87
70368,1,0.84
70369,1,0.8
70370,0,0.77
70371,0,0.62
70372,0,0.19
70378,0,0
70379,0,0.01
70380,0,0.01
70381,0,0
70431,1,0.98
70432,1,0.99
70433,1,0.99
70434,1,0.98
70435,1,1
70436,1,1
70437,1,1
70438,1,0.99
70439,1,1
70440,1,0.99
70441,1,0.99
70442,1,1
70443,1,1
70444,1,1
70445,1,0.96
70446,1,0.86
70447,1,0.87
70448,1,0.9
70449,1,0.84
70450,1,0.84
70451,1,0.83
70452,0,0.83
70453,0,0.3
70460,0,0.01
70461,0,0.01
70462,0,0
70463,0,0.01
70511,1,1
70512,1,0.98
70513,1,0.99
70514,1,0.99
70515,1,0.97
70516,1,0.99
70517,1,0.99
70518,1,0.99
70519,1,0.98
70520,1,0.99
70521,1,0.99
70522,1,0.99
70523,1,1
70524,1,1
70525,1,1
70526,1,0.98
70527,1,0.91
70528,1,0.85
70529,1,0.87
70530,1,0.87
70531,1,0.85
70532,1,0.83
70533,0,0.85
70534,0,0.6
70535,0,0.18
70541,0,0.01
70542,0,0.01
70544,0,0
70591,1,1
70592,1,0.99
70593,1,0.98
70594,1,0.99
70595,1,0.97
70596,1,0.98
70597,1,0.99
70598,1,0.99
70599,1,0.98
70600,1,0.98
70601,1,1
70602,1,0.99
70603,1,0.99
70604,1,1
70605,1,1
70606,1,0.99
70607,1,0.98
70608,1,0.87
70609,1,0.88
70610,1,0.87
70611,1,0.87
70612,1,0.86
70613,1,0.81
70614,0,0.91
70615,0,0.13
70623,0,0.01
70624,0,0.01
70625,0,0
70672,1,1
70673,1,1
70674,1,0.99
70675,1,0.99
70676,1,0.98
70677,1,0.97
70678,1,0.99
70679,1,0.99
70680,1,0.97
70681,1,0.97
70682,1,0.99
70683,1,0.99
70684,1,1
70685,1,1
70686,1,1
70687,1,1
70688,1,0.99
70689,1,0.97
70690,1,0.88
70691,1,0.88
70692,1,0.87
70693,1,0.87
70694,1,0.86
70695,1,0.82
70696,0,0.39
70704,0,0.01
70705,0,0.01
70706,0,0
70753,1,1
70754,1,1
70755,1,0.99
70756,1,0.98
70757,1,0.99
70758,1,0.97
70759,1,0.99
70760,1,1
70761,1,0.98
70762,1,0.99
70763,1,0.98
70764,1,1
70765,1,0.99
70766,1,1
70767,1,1
70768,1,1
70769,1,0.99
70770,1,0.99
70771,1,0.94
70772,1,0.89
70773,1,0.87
70774,1,0.97
70775,1,0.97
70776,1,0.73
70777,1,0.5
70778,1,0.14
70779,0,0.08
70787,0,0.02
70788,0,0
70833,1,1
70834,1,1
70835,1,0.99
70836,1,0.99
70837,1,0.99
70838,1,0.98
70839,1,0.98
70840,1,1
70841,1,0.98
70842,1,0.99
70843,1,0.99
70844,1,1
70845,1,1
70846,1,1
70847,1,1
70848,1,1
70849,1,1
70850,1,0.99
70851,1,0.97
70852,1,0.85
70853,1,0.98
70854,1,0.97
70855,1,0.99
70856,1,0.74
70857,1,0.58
70858,1,0.17
70864,0,0
70866,0,0.01
70867,0,0.02
70868,0,0.01
70913,1,1
70914,1,1
70915,1,1
70916,1,0.99
70917,1,0.98
70918,1,0.99
70919,1,0.99
70920,1,0.99
70921,1,0.98
70922,1,0.99
70923,1,0.99
70924,1,0.99
70925,1,0.98
70926,1,1
70927,1,1
70928,1,1
70929,1,1
70930,1,1
70931,1,0.99
70932,1,0.99
70933,1,0.96
70934,1,0.93
70935,1,0.97
70936,1,1
70937,1,0.99
70938,1,0.78
70939,1,0.14
70940,1,0.17
70945,0,0
70946,0,0
70949,0,0.01
70950,0,0
70994,1,0.99
70995,1,1
70996,1,1
70997,1,0.99
70998,1,0.97
70999,1,0.99
71000,1,0.99
71001,1,0.99
71002,1,0.99
71003,1,0.99
71004,1,0.99
71005,1,1
71006,1,1
71007,1,1
71008,1,1
71009,1,1
71010,1,1
71011,1,1
71012,1,1
71013,1,0.99
71014,1,0.99
71015,1,0.96
71016,1,0.97
71017,1,1
71018,1,0.96
71019,1,0.76
71020,1,0.47
71021,1,0.15
71027,0,0
71029,0,0.02
71030,0,0.01
71031,0,0.01
71074,1,1
71075,1,1
71076,1,0.99
71077,1,1
71078,1,0.97
71079,1,0.98
71080,1,0.98
71081,1,0.98
71082,1,0.99
71083,1,0.99
71084,1,1
71085,1,0.99
71086,1,1
71087,1,0.99
71088,1,1
71089,1,1
71090,1,1
71091,1,1
71092,1,1
71093,1,0.99
71094,1,0.99
71095,1,0.98
71096,1,0.97
71097,1,1
71098,1,1
71099,1,0.86
71100,1,0.65
71101,1,0.17
71107,0,0
71108,0,0
71112,0,0
71155,1,1
71156,1,1
71157,1,0.99
71158,1,1
71159,1,0.99
71160,1,0.98
71161,1,0.98
71162,1,0.98
71163,1,0.98
71164,1,0.99
71165,1,1
71166,1,1
71167,1,1
71168,1,1
71169,1,1
71170,1,1
71171,1,1
71172,1,1
71173,1,1
71174,1,1
71175,1,0.99
71176,1,0.98
71177,1,0.98
71178,1,1
71179,1,1
71180,1,0.94
71181,1,0.64
71182,1,0.18
71188,0,0
71189,0,0
71190,0,0.01
71192,0,0.01
71236,1,0.99
71237,1,1
71238,1,1
71239,1,0.99
71240,1,1
71241,1,0.97
71242,1,0.97
71243,1,0.98
71244,1,1
71245,1,0.98
71246,1,0.98
71247,1,1
71248,1,1
71249,1,1
71250,1,0.99
71251,1,1
71252,1,1
71253,1,1
71254,1,1
71255,1,1
71256,1,0.99
71257,1,0.98
71258,1,0.98
71259,1,0.98
71260,1,1
71261,1,0.98
71262,1,0.69
71263,1,0.33
71269,0,0.01
71270,0,0
71271,0,0
71275,0,0.01
71316,1,1
71317,1,1
71318,1,1
71319,1,1
71320,1,1
71321,1,1
71322,1,0.97
71323,1,0.98
71324,1,0.98
71325,1,0.98
71326,1,0.99
71327,1,0.97
71328,1,1
71329,1,1
71330,1,0.99
71331,1,1
71332,1,1
71333,1,1
71334,1,1
71335,1,1
71336,1,1
71337,1,0.99
71338,1,0.98
71339,1,0.99
71340,1,1
71341,1,0.99
71342,1,0.75
71343,1,0.44
71349,0,0.01
71350,0,0
71351,0,0
71352,0,0
71354,0,0.01
71355,0,0.01
71398,1,1
71399,1,1
71400,1,0.99
71401,1,1
71402,1,1
71403,1,0.97
71404,1,0.99
71405,1,0.98
71406,1,1
71407,1,0.97
71408,1,0.96
71409,1,0.99
71410,1,1
71411,1,1
71412,1,1
71413,1,1
71414,1,1
71415,1,1
71416,1,1
71417,1,1
71418,1,1
71419,1,0.99
71420,1,0.99
71421,1,1
71422,1,1
71423,1,0.95
71424,1,0.71
71431,0,0
71432,0,0
71433,0,0
71436,0,0
71437,0,0.01
71479,1,1
71480,1,1
71481,1,1
71482,1,1
71483,1,0.99
71484,1,1
71485,1,1
71486,1,0.99
71487,1,0.99
71488,1,0.98
71489,1,0.96
71490,1,0.96
71491,1,0.98
71492,1,1
71493,1,1
71494,1,1
71495,1,1
71496,1,1
71497,1,1
71498,1,1
71499,1,1
71500,1,1
71501,1,1
71502,1,1
71503,1,1
71504,1,0.99
71505,1,0.66
71506,1,0.26
71512,0,0.01
71513,0,0
71514,0,0
71515,0,0
71518,0,0.01
71560,1,1
71561,1,1
71562,1,1
71563,1,1
71564,1,1
71565,1,0.98
71566,1,1
71567,1,0.99
71568,1,1
71569,1,1
71570,1,0.97
71571,1,0.98
71572,1,1
71573,1,0.99
71574,1,1
71575,1,1
71576,1,1
71577,1,1
71578,1,1
71579,1,1
71580,1,1
71581,1,1
71582,1,1
71583,1,1
71584,1,0.99
71585,1,0.73
71586,1,0.35
71593,0,0
71594,0,0
71595,0,0
71596,0,0.01
71598,0,0.01
71599,0,0
71642,1,1
71643,1,1
71644,1,1
71645,1,1
71646,1,1
71647,1,1
71648,1,0.99
71649,1,1
71650,1,1
71651,1,1
71652,1,0.98
71653,1,1
71654,1,1
71655,1,1
71656,1,1
71657,1,1
71658,1,1
71659,1,1
71660,1,1
71661,1,1
71662,1,1
71663,1,1
71664,1,1
71665,1,1
71666,1,0.82
71667,1,0.42
71674,0,0.03
71675,0,0
71676,0,0
71677,0,0
71678,0,0.01
71680,0,0
71724,1,1
71725,1,1
71726,1,1
71727,1,1
71728,1,1
71729,1,1
71730,1,1
71731,1,1
71732,1,1
71733,1,0.99
71734,1,1
71735,1,1
71736,1,1
71737,1,1
71738,1,0.98
71739,1,1
71740,1,1
71741,1,1
71742,1,1
71743,1,1
71744,1,1
71745,1,1
71746,1,1
71747,1,0.99
71748,1,0.73
71756,0,0.02
71757,0,0.01
71758,0,0.01
71759,0,0
71760,0,0.01
71762,0,0
71805,1,1
71806,1,1
71807,1,1
71808,1,1
71809,1,1
71810,1,0.99
71811,1,1
71812,1,1
71813,1,1
71814,1,0.99
71815,1,1
71816,1,1
71817,1,1
71818,1,1
71819,1,1
71820,1,1
71821,1,1
71822,1,1
71823,1,1
71824,1,1
71825,1,1
71826,1,1
71827,1,1
71828,1,0.84
71829,1,0.38
71836,0,0.02
71837,0,0.01
71838,0,0.01
71839,0,0
71840,0,0.01
71842,0,0
71887,1,1
71888,1,1
71889,1,1
71890,1,1
71891,1,1
71892,1,1
71893,1,1
71894,1,1
71895,1,0.99
71896,1,0.98
71897,1,1
71898,1,1
71899,1,1
71900,1,1
71901,1,1
71902,1,1
71903,1,1
71904,1,1
71905,1,1
71906,1,1
71907,1,1
71908,1,1
71909,1,0.85
71910,1,0.51
71917,0,0.03
71918,0,0.01
71919,0,0.01
71920,0,0.01
71921,0,0
71922,0,0.01
71924,0,0.01
71969,1,1
71970,1,1
71971,1,1
71972,1,1
71973,1,1
71974,1,1
71975,1,1
71976,1,1
71977,1,1
71978,1,1
71979,1,1
71980,1,1
71981,1,1
71982,1,1
71983,1,1
71984,1,1
71985,1,1
71986,1,1
71987,1,1
71988,1,1
71989,1,1
71990,1,0.89
71991,1,0.7
71999,0,0.02
72000,0,0.01
72001,0,0
72002,0,0
72003,0,0
72005,0,0
72049,1,1
72050,1,1
72051,1,0.99
72052,1,0.99
72053,1,1
72054,1,1
72055,1,1
72056,1,1
72057,1,1
72058,1,1
72059,1,1
72060,1,1
72061,1,1
72062,1,1
72063,1,1
72064,1,1
72065,1,1
72066,1,1
72067,1,1
72068,1,1
72069,1,1
72070,1,1
72071,1,0.82
72072,1,0.57
72079,0,0.02
72080,0,0.01
72081,0,0
72082,0,0
72083,0,0
72084,0,0
72086,0,0.01
72127,1,0.98
72128,1,1
72131,1,1
72132,1,1
72133,1,1
72134,1,1
72135,1,1
72136,1,1
72137,1,1
72138,1,1
72139,1,1
72140,1,1
72141,1,1
72142,1,1
72143,1,1
72144,1,1
72145,1,1
72146,1,1
72147,1,1
72148,1,1
72149,1,1
72150,1,1
72151,1,1
72152,1,0.89
72153,1,0.65
72161,0,0.02
72162,0,0.01
72163,0,0
72164,0,0
72165,0,0
72166,0,0.01
72167,0,0.01
72208,1,0.96
72209,1,0.99
72210,1,1
72215,1,1
72216,1,1
72217,1,1
72218,1,0.99
72219,1,1
72220,1,1
72221,1,1
72222,1,1
72223,1,1
72224,1,1
72225,1,1
72226,1,1
72227,1,1
72228,1,1
72229,1,1
72230,1,1
72231,1,1
72232,1,1
72233,1,1
72234,1,0.75
72242,0,0.02
72243,0,0.01
72244,0,0
72245,0,0
72246,0,0
72247,0,0
72249,0,0.02
72288,1,0.88
72289,1,0.95
72290,1,1
72291,1,1
72296,1,1
72297,1,1
72299,1,1
72300,1,1
72301,1,1
72302,1,0.99
72303,1,0.99
72304,1,1
72305,1,1
72306,1,1
72307,1,1
72308,1,1
72309,1,1
72310,1,1
72311,1,1
72312,1,1
72313,1,1
72314,1,0.87
72315,1,0.45
72323,0,0.01
72324,0,0
72325,0,0
72326,0,0
72327,0,0
72328,0,0.01
72369,1,0.94
72370,1,0.96
72371,1,0.99
72372,1,1
72373,1,1
72381,1,1
72382,1,1
72383,1,1
72384,1,1
72385,1,1
72386,1,1
72387,1,1
72388,1,1
72389,1,1
72390,1,1
72391,1,1
72392,1,1
72393,1,1
72394,1,1
72395,1,1
72396,1,0.88
72404,0,0.02
72405,0,0.01
72406,0,0
72407,0,0
72408,0,0
72409,0,0
72410,0,0.01
72411,0,0.01
72451,1,0.86
72452,1,0.88
72453,1,1
72454,1,1
72462,1,1
72463,1,1
72464,1,1
72465,1,1
72466,1,1
72467,1,1
72468,1,1
72469,1,1
72470,1,1
72471,1,1
72472,1,1
72473,1,1
72474,1,1
72475,1,1
72476,1,1
72477,1,0.82
72478,1,0.48
72486,0,0.01
72487,0,0
72488,0,0
72489,0,0
72490,0,0
72491,0,0
72532,1,0.89
72533,1,0.94
72534,1,1
72543,1,1
72544,1,1
72545,1,1
72546,1,1
72547,1,1
72548,1,1
72549,1,1
72550,1,1
72551,1,1
72552,1,1
72553,1,1
72554,1,1
72555,1,1
72556,1,1
72557,1,1
72558,1,0.79
72566,0,0.02
72567,0,0.01
72568,0,0
72569,0,0
72570,0,0
72571,0,0
72572,0,0.01
72573,0,0.01
72613,1,0.84
72614,1,0.89
72615,1,1
72625,1,1
72626,1,1
72627,1,1
72628,1,1
72629,1,1
72630,1,1
72631,1,1
72632,1,1
72633,1,1
72634,1,1
72635,1,1
72636,1,1
72637,1,1
72638,1,1
72639,1,0.79
72647,0,0.02
72648,0,0.01
72649,0,0
72650,0,0
72651,0,0
72652,0,0
72653,0,0
72695,1,0.93
72696,1,1
72707,1,1
72708,1,1
72709,1,1
72710,1,1
72711,1,1
72712,1,1
72713,1,1
72714,1,1
72715,1,1
72716,1,1
72717,1,1
72718,1,1
72719,1,1
72720,1,0.86
72721,1,0.63
72729,0,0.02
72730,0,0.01
72731,0,0
72732,0,0
72733,0,0
72734,0,0
72735,0,0.01
72776,1,1
72787,1,1
72788,1,1
72789,1,1
72790,1,1
72791,1,1
72792,1,1
72793,1,1
72794,1,1
72795,1,1
72796,1,1
72797,1,1
72798,1,1
72799,1,1
72800,1,1
72801,1,0.8
72809,0,0.09
72810,0,0.01
72811,0,0
72812,0,0
72813,0,0
72814,0,0
72815,0,0
72869,1,1
72870,1,1
72871,1,1
72872,1,1
72873,1,1
72874,1,1
72875,1,1
72876,1,1
72877,1,1
72878,1,1
72879,1,1
72880,1,1
72881,1,1
72882,1,0.89
72883,1,0.62
72891,0,0.02
72892,0,0.01
72893,0,0
72894,0,0
72895,0,0
72896,0,0
72950,1,1
72951,1,1
72952,1,1
72953,1,1
72954,1,1
72955,1,1
72956,1,0.99
72957,1,1
72958,1,1
72959,1,1
72960,1,0.99
72961,1,1
72962,1,1
72963,1,0.86
72964,1,0.64
72973,0,0
72974,0,0
72975,0,0
72976,0,0
72977,0,0
73031,1,1
73032,1,1
73033,1,1
73034,1,1
73035,1,1
73036,1,1
73037,1,1
73038,1,1
73039,1,1
73040,1,1
73041,1,0.99
73042,1,1
73043,1,0.95
73044,1,0.97
73053,0,0.01
73054,0,0
73055,0,0
73056,0,0
73057,0,0
73113,1,1
73114,1,1
73115,1,1
73116,1,1
73117,1,1
73118,1,1
73119,1,1
73120,1,1
73121,1,1
73122,1,1
73123,1,1
73124,1,1
73125,1,0.88
73126,1,0.71
73135,0,0
73136,0,0
73137,0,0
73138,0,0
73139,0,0
73195,1,1
73196,1,1
73197,1,1
73198,1,1
73199,1,1
73200,1,1
73201,1,1
73202,1,1
73203,1,0.99
73204,1,1
73205,1,1
73206,1,0.94
73207,1,0.97
73216,0,0.01
73217,0,0
73218,0,0
73219,0,0
73220,0,0.01
73276,1,1
73277,1,1
73278,1,1
73279,1,1
73280,1,1
73281,1,1
73282,1,1
73283,1,1
73284,1,0.99
73285,1,1
73286,1,0.94
73287,1,0.87
73297,0,0.01
73298,0,0
73299,0,0
73300,0,0
73357,1,1
73358,1,1
73359,1,1
73360,1,1
73361,1,1
73362,1,1
73363,1,1
73364,1,1
73365,1,1
73366,1,1
73367,1,1
73368,1,0.95
73369,1,0.86
73379,0,0
73380,0,0
73381,0,0
73439,1,1
73440,1,1
73441,1,1
73442,1,1
73443,1,1
73444,1,1
73445,1,1
73446,1,1
73447,1,1
73448,1,1
73449,1,0.95
73450,1,0.97
73460,0,0.01
73461,0,0
73462,0,0
73463,0,0
73520,1,1
73521,1,0.99
73522,1,1
73523,1,1
73524,1,1
73525,1,1
73526,1,1
73527,1,1
73528,1,1
73529,1,1
73530,1,0.91
73531,1,0.86
73541,0,0
73542,0,0
73543,0,0
73602,1,1
73603,1,0.99
73604,1,1
73605,1,1
73606,1,1
73607,1,1
73608,1,1
73609,1,1
73610,1,1
73611,1,0.88
73612,1,0.98
73623,0,0
73624,0,0
73683,1,1
73684,1,1
73685,1,1
73686,1,1
73687,1,1
73688,1,1
73689,1,1
73690,1,1
73691,1,1
73692,1,1
73693,1,0.89
73694,1,0.85
73704,0,0.01
73705,0,0
73706,0,0
73764,1,1
73765,1,1
73766,1,1
73767,1,1
73768,1,1
73769,1,1
73770,1,1
73771,1,1
73772,1,1
73773,1,1
73774,1,1
73785,0,0
73786,0,0
73846,1,1
73847,1,1
73848,1,1
73849,1,1
73850,1,1
73851,1,1
73852,1,1
73853,1,1
73854,1,1
73855,1,1
73856,1,0.89
73867,0,0
73928,1,1
73929,1,1
73930,1,1
73931,1,1
73932,1,1
73933,1,1
73934,1,1
73935,1,1
73936,1,1
73937,1,1
73948,0,0.01
73949,0,0.01
74009,1,1
74010,1,1
74011,1,1
74012,1,1
74013,1,1
74014,1,1
74015,1,1
74016,1,1
74017,1,0.96
74018,1,0.93
74029,0,0
74091,1,1
74092,1,1
74093,1,1
74094,1,1
74095,1,1
74096,1,1
74097,1,1
74098,1,1
74099,1,0.97
74111,0,0
74172,1,1
74173,1,1
74174,1,1
74175,1,1
74176,1,1
74177,1,1
74178,1,1
74179,1,1
74180,1,1
74253,1,1
74254,1,0.98
74255,1,1
74256,1,1
74257,1,1
74258,1,1
74259,1,1
74260,1,1
74261,1,0.93
74334,1,1
74335,1,1
74336,1,1
74337,1,1
74338,1,1
74339,1,1
74340,1,1
74341,1,1
74342,1,1
74416,1,1
74417,1,0.99
74418,1,1
74419,1,1
74420,1,1
74421,1,1
74422,1,1
74423,1,1
74424,1,0.96
74497,1,1
74498,1,1
74499,1,1
74500,1,1
74501,1,1
74502,1,1
74503,1,1
74504,1,0.99
74580,1,1
74581,1,0.99
74582,1,1
74583,1,1
74584,1,1
74585,1,0.99
74586,1,0.94
74661,1,1
74662,1,1
74663,1,1
74664,1,1
74665,1,1
74666,1,1
74667,1,0.98
74742,1,1
74743,1,1
74744,1,1
74745,1,1
74746,1,1
74747,1,0.92
74748,1,0.98
74824,1,0.99
74825,1,1
74826,1,1
74827,1,1
74828,1,1
74829,1,0.95
74905,1,1
74906,1,1
74907,1,1
74908,1,0.98
74909,1,1
74910,1,0.93
74911,1,0.92
74986,1,1
74987,1,0.99
74988,1,1
74989,1,1
74990,1,1
74991,1,0.94
75067,1,1
75068,1,1
75069,1,1
75070,1,1
75071,1,1
75072,1,1
75073,1,0.98
75149,1,1
75150,1,1
75151,1,1
75152,1,1
75153,1,1
75154,1,0.91
75229,1,1
75230,1,1
75231,1,0.99
75232,1,1
75233,1,1
75234,1,0.99
75235,1,0.96
75248,0,0
75311,1,1
75312,1,1
75313,1,1
75314,1,1
75315,1,1
75316,1,0.96
75329,0,0
75393,1,1
75394,1,1
75395,1,1
75396,1,1
75397,1,1
75398,1,0.99
75411,0,0
75473,1,1
75474,1,1
75475,1,1
75476,1,1
75477,1,0.99
75478,1,0.99
75479,1,0.94
75491,0,0
75492,0,0
75555,1,1
75556,1,1
75557,1,1
75558,1,1
75559,1,1
75560,1,0.99
75573,0,0
75637,1,1
75638,1,1
75639,1,1
75640,1,0.99
75641,1,1
75642,1,0.89
75654,0,0
75655,0,0
75717,1,1
75718,1,1
75719,1,0.99
75720,1,1
75721,1,1
75722,1,1
75734,0,0.01
75735,0,0
75799,1,1
75800,1,1
75801,1,1
75802,1,1
75803,1,1
75804,1,0.95
75816,0,0
75881,1,0.99
75882,1,0.99
75883,1,1
75884,1,1
75885,1,1
75886,1,0.9
75897,0,0.01
75898,0,0
75962,1,0.99
75963,1,0.99
75964,1,1
75965,1,1
75966,1,0.96
75977,0,0.01
75978,0,0
76043,1,0.99
76044,1,0.99
76045,1,0.99
76046,1,1
76047,1,1
76059,0,0.01
76060,0,0
76124,1,1
76125,1,1
76126,1,1
76127,1,1
76128,1,1
76129,1,0.97
76140,0,0.02
76141,0,0
76204,1,1
76205,1,1
76206,1,1
76207,1,1
76208,1,1
76209,1,0.99
76210,1,0.96
76221,0,0.01
76285,1,1
76286,1,1
76287,1,1
76288,1,1
76289,1,1
76290,1,1
76291,1,0.92
76302,0,0.02
76366,1,1
76367,1,1
76368,1,1
76369,1,1
76370,1,1
76371,1,1
76372,1,1
76373,1,0.99
76384,0,0
76446,1,1
76447,1,1
76448,1,1
76449,1,1
76450,1,1
76451,1,1
76452,1,1
76453,1,1
76454,1,0.97
76464,0,0.01
76528,1,1
76529,1,1
76530,1,1
76531,1,1
76532,1,1
76533,1,1
76534,1,1
76535,1,0.96
76536,1,0.86
76546,0,0
76609,1,1
76610,1,1
76611,1,1
76612,1,0.99
76613,1,0.99
76614,1,1
76615,1,1
76616,1,1
76617,1,0.96
76688,1,1
76689,1,1
76690,1,1
76691,1,1
76692,1,1
76693,1,0.96
76694,1,1
76695,1,0.99
76696,1,1
76697,1,1
76698,1,0.98
76708,0,0
76769,1,1
76770,1,1
76771,1,1
76772,1,1
76773,1,1
76774,1,0.98
76775,1,0.98
76776,1,1
76777,1,1
76778,1,1
76779,1,0.98
76780,1,0.88
76847,1,1
76848,1,1
76850,1,1
76851,1,1
76852,1,1
76853,1,1
76854,1,1
76855,1,0.99
76856,1,0.98
76857,1,1
76858,1,1
76859,1,1
76860,1,1
76861,1,1
76862,1,0.91
76927,1,1
76928,1,1
76929,1,0.99
76930,1,1
76931,1,1
76932,1,1
76933,1,1
76934,1,1
76935,1,1
76936,1,0.98
76937,1,0.97
76938,1,1
76939,1,1
76940,1,1
76941,1,0.98
76942,1,1
76943,1,0.82
76995,1,0.75
77009,1,1
77010,1,1
77011,1,1
77012,1,1
77013,1,0.99
77014,1,1
77015,1,1
77016,1,1
77017,1,0.99
77018,1,0.98
77019,1,0.97
77020,1,1
77021,1,1
77022,1,0.99
77023,1,1
77024,1,0.87
77076,1,0.23
77090,1,1
77091,1,1
77092,1,1
77093,1,1
77094,1,1
77095,1,1
77096,1,1
77097,1,1
77098,1,0.98
77099,1,0.99
77100,1,0.97
77101,1,0.99
77102,1,1
77103,1,1
77104,1,0.97
77105,1,1
77156,1,0.4
77157,1,0.45
77171,1,1
77172,1,1
77173,1,1
77174,1,0.99
77175,1,1
77176,1,1
77177,1,1
77178,1,1
77179,1,1
77180,1,0.97
77181,1,0.96
77182,1,1
77183,1,1
77184,1,1
77185,1,0.98
77186,1,1
77237,1,0.4
77238,1,0.33
77253,1,0.99
77254,1,0.99
77255,1,1
77256,1,1
77257,1,1
77258,1,1
77259,1,1
77260,1,1
77261,1,0.99
77262,1,0.97
77263,1,0.98
77264,1,1
77265,1,1
77266,1,0.97
77267,1,0.97
77268,1,0.99
77319,1,0.3
77335,1,0.97
77336,1,1
77337,1,1
77338,1,1
77339,1,1
77340,1,1
77341,1,1
77342,1,0.99
77343,1,0.97
77344,1,0.97
77345,1,1
77346,1,0.99
77347,1,1
77348,1,0.98
77349,1,1
77399,1,0.36
77400,1,0.45
77415,1,0.99
77416,1,0.99
77417,1,1
77418,1,1
77419,1,1
77420,1,1
77421,1,1
77422,1,1
77423,1,0.97
77424,1,0.96
77425,1,0.98
77426,1,1
77427,1,1
77428,1,0.97
77429,1,1
77480,1,0.27
77481,1,0.57
77497,1,0.99
77498,1,1
77499,1,1
77500,1,1
77501,1,1
77502,1,1
77503,1,1
77504,1,1
77505,1,0.95
77506,1,0.94
77507,1,1
77508,1,1
77509,1,0.99
77510,1,0.96
77511,1,0.99
77561,1,0.07
77562,1,0.65
77563,1,0.68
77579,1,1
77580,1,1
77581,1,1
77582,1,1
77583,1,1
77584,1,1
77585,1,1
77586,1,1
77587,1,0.98
77588,1,0.99
77589,1,1
77590,1,1
77591,1,0.98
77592,1,0.91
77641,1,0.22
77642,1,0.39
77643,1,0.59
77659,1,1
77660,1,1
77661,1,1
77662,1,1
77663,1,1
77664,1,1
77665,1,1
77666,1,1
77667,1,1
77668,1,1
77669,1,1
77670,1,0.99
77671,1,0.99
77672,1,0.95
77722,1,0.63
77723,1,0.07
77724,1,0.56
77725,1,0.85
77740,1,0.99
77741,1,1
77742,1,1
77743,1,1
77744,1,1
77745,1,1
77746,1,1
77747,1,1
77748,1,1
77749,1,1
77750,1,1
77751,1,0.99
77752,1,0.97
77753,1,0.98
77754,1,0.85
77804,1,0.14
77805,1,0.49
77806,1,0.71
77819,1,1
77820,1,1
77821,1,0.99
77822,1,1
77823,1,1
77824,1,1
77825,1,1
77826,1,1
77827,1,1
77828,1,0.99
77829,1,1
77830,1,1
77831,1,0.99
77832,1,1
77833,1,0.97
77834,1,0.98
77835,1,0.97
77836,1,0.81
77884,1,0.1
77885,1,0.4
77886,1,0.54
77892,1,1
77899,1,1
77900,1,1
77901,1,1
77902,1,0.99
77903,1,1
77904,1,1
77905,1,1
77906,1,1
77907,1,1
77908,1,1
77909,1,1
77910,1,1
77911,1,0.99
77912,1,0.99
77913,1,0.95
77914,1,0.97
77915,1,0.96
77916,1,0.8
77965,1,0.07
77966,1,0.36
77967,1,0.55
77973,1,0.99
77974,1,1
77975,1,0.99
77979,1,1
77980,1,0.99
77981,1,0.98
77982,1,0.99
77983,1,1
77984,1,1
77985,1,1
77986,1,0.99
77987,1,1
77988,1,1
77989,1,1
77990,1,1
77991,1,1
77992,1,0.99
77993,1,0.96
77994,1,0.95
77995,1,0.96
77996,1,0.98
77997,1,0.83
77998,1,0.86
78046,1,0.08
78047,1,0.27
78048,1,0.52
78054,1,0.98
78055,1,1
78056,1,1
78057,1,1
78058,1,1
78059,1,1
78060,1,1
78061,1,0.97
78062,1,0.99
78063,1,0.99
78064,1,1
78065,1,1
78066,1,1
78067,1,1
78068,1,1
78069,1,0.99
78070,1,1
78071,1,1
78072,1,1
78073,1,0.96
78074,1,0.96
78075,1,0.97
78076,1,0.95
78077,1,0.97
78078,1,0.98
78079,1,0.72
78125,1,0.6
78126,1,0.48
78127,1,0.17
78128,1,0.5
78135,1,0.99
78136,1,1
78137,1,1
78138,1,1
78139,1,1
78140,1,1
78141,1,1
78142,1,0.99
78143,1,0.99
78144,1,0.99
78145,1,1
78146,1,1
78147,1,1
78148,1,1
78149,1,1
78150,1,1
78151,1,0.99
78152,1,1
78153,1,0.96
78154,1,0.96
78155,1,0.96
78156,1,0.95
78157,1,0.96
78158,1,0.96
78159,1,0.89
78207,1,0.43
78208,1,0.09
78209,1,0.5
78210,1,0.55
78216,1,0.95
78217,1,1
78220,1,1
78221,1,1
78222,1,1
78223,1,1
78224,1,0.99
78225,1,1
78226,1,1
78227,1,1
78228,1,1
78229,1,1
78230,1,1
78231,1,0.97
78232,1,0.99
78233,1,1
78234,1,0.95
78235,1,0.96
78236,1,0.97
78237,1,0.95
78238,1,0.94
78239,1,0.96
78240,1,0.94
78241,0,0.52
78288,1,0.57
78289,1,0.16
78290,1,0.19
78291,1,0.56
78297,1,0.96
78298,1,0.97
78299,1,0.99
78302,1,1
78303,1,1
78304,1,1
78305,1,0.99
78306,1,1
78307,1,1
78308,1,1
78309,1,1
78310,1,1
78311,1,1
78312,1,0.99
78313,1,0.98
78314,1,0.98
78315,1,0.96
78316,1,0.95
78317,1,0.97
78318,1,0.94
78319,1,0.93
78320,1,0.94
78321,1,0.93
78322,0,0.68
78368,1,0.57
78369,1,0.33
78370,1,0.11
78371,1,0.41
78377,1,0.87
78378,1,0.88
78379,1,0.95
78383,1,1
78384,1,1
78385,1,1
78386,1,1
78387,1,1
78388,1,1
78389,1,1
78390,1,1
78391,1,1
78392,1,1
78393,1,1
78394,1,0.99
78395,1,1
78396,1,0.95
78397,1,0.95
78398,1,0.94
78399,1,0.92
78400,1,0.92
78401,1,0.93
78402,0,0.86
78449,1,0.52
78450,1,0.35
78451,1,0.03
78452,1,0.39
78458,1,0.86
78459,1,0.86
78467,1,0.99
78468,1,1
78469,1,1
78470,1,1
78471,1,1
78472,1,1
78473,1,1
78474,1,1
78475,1,1
78476,1,1
78477,1,0.96
78478,1,0.95
78479,1,0.94
78480,1,0.94
78481,1,0.93
78482,1,0.9
78483,0,0.91
78530,1,0.53
78531,1,0.47
78532,1,0.09
78533,1,0.36
78538,1,0.83
78539,1,0.76
78540,1,0.88
78548,1,0.99
78549,1,1
78550,1,1
78551,1,1
78552,1,1
78553,1,1
78554,1,1
78555,1,1
78556,1,1
78557,1,1
78558,1,0.97
78559,1,0.95
78560,1,0.95
78561,1,0.92
78562,1,0.9
78563,1,0.92
78564,0,0.92
78565,0,0.88
78566,0,0.52
78610,1,0.6
78611,1,0.27
78612,1,0.16
78613,1,0.43
78614,1,0.87
78617,1,0.82
78618,1,0.77
78619,1,0.81
78620,1,0.78
78629,1,1
78630,1,1
78631,1,1
78632,1,1
78633,1,1
78634,1,1
78635,1,1
78636,1,1
78637,1,1
78638,1,1
78639,1,0.95
78640,1,0.94
78641,1,0.92
78642,1,0.91
78643,1,0.9
78644,1,0.9
78645,0,0.9
78646,0,0.73
78690,1,0.55
78691,1,0.56
78692,1,0.41
78693,1,0.09
78694,1,0.44
78695,1,0.68
78698,1,0.87
78699,1,0.92
78700,1,0.89
78701,1,0.78
78709,1,1
78710,1,1
78711,1,1
78712,1,1
78713,1,1
78714,1,1
78715,1,1
78716,1,1
78717,1,1
78718,1,1
78719,1,1
78720,1,1
78721,1,0.95
78722,1,0.93
78723,1,0.9
78724,1,0.89
78725,1,0.89
78726,0,0.9
78727,0,0.87
78728,0,0.49
78742,0,0
78822,0,0.07
78823,0,0.03
78904,0,0.04
79382,0,0.16
79388,0,0.16
79463,0,0.09
79469,0,0.16
79544,0,0.2
79625,0,0.27
79626,0,0.07
79631,0,0.09
79636,0,0.02
79706,1,0.9
79707,0,0.33
79708,0,0.11
79712,0,0.13
79713,0,0.09
79716,0,0
79717,0,0
79787,0,0.85
79788,0,0.08
79789,0,0.18
79790,0,0.11
79792,0,0.16
79793,0,0.12
79796,0,0
79797,0,0
79798,0,0
79868,1,0.98
79869,1,0.81
79870,0,0.12
79871,0,0.07
79872,0,0.17
79874,0,0.11
79877,0,0.01
79878,0,0.01
79879,0,0
79949,1,1
79950,1,0.91
79951,0,0.07
79952,0,0.1
79953,0,0.09
79954,0,0.12
79955,0,0.09
79956,0,0.04
79958,0,0.01
79959,0,0
79960,0,0
79961,0,0.01
80030,1,0.99
80031,1,0.85
80032,0,0.1
80033,0,0.09
80034,0,0.13
80035,0,0.09
80036,0,0.03
80037,0,0.03
80038,0,0.02
80039,0,0.01
80040,0,0.01
80041,0,0
80111,1,0.95
80112,1,0.94
80113,0,0.11
80114,0,0.12
80115,0,0.09
80116,0,0.1
80117,0,0.06
80118,0,0.04
80119,0,0.02
80120,0,0.02
80121,0,0.02
80122,0,0.02
80123,0,0
80192,1,0.88
80193,1,0.97
80194,1,0.86
80195,0,0.09
80196,0,0.09
80197,0,0.08
80198,0,0.07
80199,0,0.03
80200,0,0.02
80201,0,0.01
80202,0,0.02
80203,0,0.02
80204,0,0.01
80273,1,0.94
80274,1,0.93
80275,1,0.13
80276,0,0.09
80277,0,0.08
80278,0,0.06
80279,0,0.03
80280,0,0.02
80281,0,0.03
80282,0,0.02
80283,0,0.01
80284,0,0.02
80285,0,0
80354,1,0.88
80355,1,0.94
80356,1,0.87
80357,0,0.09
80358,0,0.06
80359,0,0.08
80360,0,0.07
80361,0,0.01
80362,0,0.03
80363,0,0.01
80364,0,0.06
80365,0,0.03
80366,0,0.01
80367,0,0
80435,1,0.89
80436,1,0.94
80437,1,0.87
80438,1,0.09
80439,0,0.08
80440,0,0.06
80441,0,0.06
80442,0,0.02
80443,0,0.02
80444,0,0.01
80445,0,0.01
80446,0,0.03
80447,0,0.02
80448,0,0
80449,0,0
80516,1,0.87
80517,1,0.9
80518,1,0.35
80519,0,0.06
80520,0,0.03
80521,0,0.05
80522,0,0.02
80523,0,0.02
80524,0,0.01
80525,0,0
80526,0,0.06
80527,0,0.03
80528,0,0.01
80529,0,0
80597,1,0.89
80598,1,0.91
80599,1,0.84
80600,1,0.1
80601,0,0.06
80602,0,0.03
80603,0,0.02
80604,0,0.02
80605,0,0.01
80606,0,0
80607,0,0.01
80608,0,0.03
80609,0,0.02
80610,0,0.01
80611,0,0
80678,1,0.95
80679,1,0.91
80680,1,0.88
80681,1,0.24
80682,0,0.07
80683,0,0.02
80684,0,0.04
80685,0,0.01
80686,0,0.01
80687,0,0.01
80688,0,0
80689,0,0.08
80690,0,0.02
80691,0,0.02
80692,0,0
80759,1,0.9
80760,1,0.89
80761,1,0.65
80762,0,0.07
80763,0,0.07
80764,0,0.02
80765,0,0.01
80766,0,0.01
80767,0,0.01
80768,0,0
80769,0,0
80770,0,0.03
80771,0,0.02
80772,0,0.01
80773,0,0
80840,1,0.95
80841,1,0.92
80842,1,0.74
80843,1,0.08
80844,0,0.11
80845,0,0.02
80846,0,0.01
80847,0,0
80848,0,0.01
80849,0,0.01
80850,0,0
80851,0,0.02
80852,0,0.02
80853,0,0.02
80854,0,0
80921,1,0.99
80922,1,0.94
80923,1,0.73
80924,1,0.32
80925,0,0.1
80926,0,0.05
80927,0,0
80928,0,0.01
80929,0,0
80930,0,0.03
80931,0,0.01
80932,0,0
80933,0,0.05
80934,0,0.02
80935,0,0.01
80936,0,0.01
81002,1,0.96
81003,1,0.88
81004,1,0.48
81005,1,0.13
81006,0,0.07
81007,0,0.02
81008,0,0
81009,0,0.01
81010,0,0.01
81011,0,0.01
81012,0,0.01
81013,0,0.02
81014,0,0.03
81015,0,0.02
81016,0,0.01
81083,1,0.95
81084,1,0.92
81085,1,0.71
81086,1,0.21
81087,0,0.07
81088,0,0.02
81089,0,0.01
81090,0,0
81091,0,0
81092,0,0.01
81093,0,0.03
81094,0,0
81095,0,0.05
81096,0,0.03
81097,0,0.01
81098,0,0.02
81164,1,0.94
81165,1,0.9
81166,1,0.82
81167,1,0.25
81168,1,0.06
81169,0,0.09
81170,0,0.05
81171,0,0.01
81172,0,0.01
81173,0,0
81174,0,0.01
81175,0,0.01
81176,0,0.01
81177,0,0.04
81178,0,0.02
81179,0,0.02
81180,0,0
81245,1,0.9
81246,1,0.9
81247,1,0.34
81248,1,0.21
81249,0,0.08
81250,0,0.02
81251,0,0.01
81252,0,0
81253,0,0
81254,0,0
81255,0,0.01
81256,0,0
81257,0,0.06
81258,0,0.03
81259,0,0.02
81260,0,0.01
81326,1,0.94
81327,1,0.88
81328,1,0.85
81329,1,0.21
81330,1,0.07
81331,0,0.06
81332,0,0
81333,0,0.01
81334,0,0.01
81335,0,0
81336,0,0.01
81337,0,0.01
81338,0,0.01
81339,0,0.07
81340,0,0.03
81341,0,0.02
81342,0,0
81407,1,0.92
81408,1,0.89
81409,1,0.97
81410,1,0.31
81411,1,0.16
81412,1,0.09
81413,0,0.02
81414,0,0.01
81415,0,0
81416,0,0
81417,0,0
81418,0,0.01
81419,0,0.01
81420,0,0.08
81421,0,0.02
81422,0,0.02
81423,0,0
81424,0,0
81488,1,0.92
81489,1,0.9
81490,1,0.98
81491,1,0.25
81492,1,0.09
81493,0,0.06
81494,0,0
81495,0,0.03
81496,0,0.01
81497,0,0
81498,0,0
81499,0,0.03
81500,0,0.03
81501,0,0.07
81502,0,0
81503,0,0
81504,0,0.01
81505,0,0
81569,1,0.93
81570,1,0.94
81571,1,0.92
81572,1,0.88
81573,1,0.32
81574,1,0.11
81575,0,0.01
81576,0,0.03
81577,0,0.01
81578,0,0
81579,0,0
81580,0,0
81581,0,0.02
81582,0,0.04
81583,0,0.02
81584,0,0.01
81585,0,0.01
81586,0,0
81650,1,0.92
81651,1,0.93
81652,1,0.88
81653,1,0.96
81654,1,0.58
81655,1,0.24
81656,0,0.07
81657,0,0.01
81658,0,0.04
81659,0,0.01
81660,0,0
81661,0,0.01
81662,0,0.02
81663,0,0.03
81664,0,0.07
81665,0,0.01
81666,0,0.01
81667,0,0.01
81668,0,0
81731,1,0.95
81732,1,0.92
81733,1,0.93
81734,1,0.93
81735,1,0.52
81736,1,0.26
81737,0,0.02
81738,0,0.05
81739,0,0
81740,0,0
81741,0,0
81742,0,0.01
81743,0,0.02
81744,0,0.04
81745,0,0.05
81746,0,0.01
81747,0,0.01
81748,0,0
81812,1,0.93
81813,1,0.97
81814,1,0.92
81815,1,0.93
81816,1,0.93
81817,1,0.67
81818,0,0.08
81819,0,0.03
81820,0,0.03
81821,0,0.01
81822,0,0
81823,0,0.01
81824,0,0.04
81825,0,0.02
81826,0,0.07
81827,0,0.04
81828,0,0.01
81829,0,0.01
81830,0,0
81893,1,0.94
81894,1,0.95
81895,1,0.95
81896,1,0.84
81897,1,0.95
81898,1,0.93
81899,1,0.44
81900,0,0
81901,0,0.06
81902,0,0.01
81903,0,0.01
81904,0,0.01
81905,0,0.01
81906,0,0.01
81907,0,0.03
81908,0,0.03
81909,0,0.01
81910,0,0.01
81911,0,0
81912,0,0
81974,1,0.94
81975,1,0.96
81976,1,0.93
81977,1,0.85
81978,1,0.9
81979,1,0.94
81980,1,0.17
81981,0,0.02
81982,0,0.03
81983,0,0.01
81984,0,0.01
81985,0,0.01
81986,0,0.01
81987,0,0.04
81988,0,0.03
81989,0,0.03
81990,0,0.01
81991,0,0.01
81992,0,0
82055,1,0.94
82056,1,0.94
82057,1,0.94
82058,1,0.85
82059,1,0.88
82060,1,0.82
82061,1,0.92
82062,1,0.04
82063,0,0.02
82064,0,0.08
82065,0,0
82066,0,0.01
82067,0,0.01
82068,0,0.01
82069,0,0.02
82070,0,0.02
82071,0,0.03
82072,0,0.01
82073,0,0.01
82074,0,0
82136,1,0.95
82137,1,0.93
82138,1,0.94
82139,1,0.88
82140,1,0.81
82141,1,0.78
82142,1,0.92
82143,1,0.24
82144,0,0.18
82145,0,0.03
82146,0,0
82147,0,0
82148,0,0.01
82149,0,0.01
82150,0,0.01
82151,0,0.02
82152,0,0.02
82153,0,0.01
82154,0,0.01
82155,0,0
82217,1,0.95
82218,1,0.93
82219,1,0.93
82220,1,0.86
82221,1,0.76
82222,1,0.79
82223,1,0.83
82224,0,0.54
82225,0,0.07
82226,0,0.04
82227,0,0
82228,0,0
82229,0,0.01
82230,0,0.01
82231,0,0.01
82232,0,0.02
82233,0,0.02
82234,0,0.01
82235,0,0.01
82236,0,0
82298,1,0.94
82299,1,0.93
82300,1,0.93
82301,1,0.85
82302,1,0.7
82303,1,0.72
82304,1,0.79
82305,1,0.78
82306,0,0.33
82307,0,0.04
82308,0,0.01
82309,0,0
82310,0,0.01
82311,0,0.01
82312,0,0.01
82313,0,0.01
82314,0,0.02
82315,0,0.04
82316,0,0.02
82317,0,0.02
82379,1,0.95
82380,1,0.95
82381,1,0.92
82382,1,0.91
82383,1,0.84
82384,1,0.71
82385,1,0.72
82386,1,0.82
82387,0,0.61
82388,0,0.1
82389,0,0.06
82390,0,0.01
82391,0,0
82392,0,0.01
82393,0,0.01
82394,0,0.01
82395,0,0.02
82396,0,0.02
82397,0,0.04
82398,0,0.04
82399,0,0.02
82460,1,0.94
82461,1,0.95
82462,1,0.92
82463,1,0.83
82464,1,0.72
82465,1,0.63
82466,1,0.7
82467,1,0.72
82468,0,0.44
82469,0,0.05
82470,0,0.02
82471,0,0
82472,0,0
82473,0,0.01
82474,0,0.01
82475,0,0.01
82476,0,0.01
82477,0,0.04
82478,0,0.02
82479,0,0.04
82541,1,0.95
82542,1,0.95
82543,1,0.91
82544,1,0.9
82545,1,0.74
82546,1,0.67
82547,1,0.64
82548,1,0.78
82549,0,0.59
82550,0,0.42
82551,0,0.04
82552,0,0.02
82553,0,0
82554,0,0.01
82555,0,0.01
82556,0,0.01
82557,0,0.02
82558,0,0.03
82559,0,0.04
82560,0,0.05
82561,0,0.05
82622,1,0.95
82623,1,0.94
82624,1,0.93
82625,1,0.93
82626,1,0.83
82627,1,0.68
82628,1,0.64
82629,1,0.68
82630,1,0.78
82631,0,0.49
82632,0,0.17
82633,0,0.02
82634,0,0
82635,0,0
82636,0,0.01
82637,0,0.01
82638,0,0.01
82639,0,0.01
82640,0,0.03
82641,0,0.04
82642,0,0.05
82703,1,0.94
82704,1,0.95
82705,1,0.92
82706,1,0.86
82707,1,0.81
82708,1,0.67
82709,1,0.64
82710,1,0.72
82711,1,0.69
82712,0,0.32
82713,0,0.07
82714,0,0
82715,0,0
82716,0,0
82717,0,0.01
82718,0,0
82719,0,0
82720,0,0.03
82721,0,0.04
82722,0,0.03
82723,0,0.03
82784,1,0.94
82785,1,0.93
82786,1,0.94
82787,1,0.91
82788,1,0.83
82789,1,0.68
82790,1,0.66
82791,1,0.69
82792,1,0.72
82793,1,0.38
82794,0,0.23
82795,0,0
82796,0,0
82797,0,0
82798,0,0
82799,0,0.01
82800,0,0.01
82801,0,0.02
82802,0,0.03
82803,0,0.04
82804,0,0.03
82865,1,0.95
82866,1,0.94
82867,1,0.94
82868,1,0.91
82869,1,0.87
82870,1,0.72
82871,1,0.65
82872,1,0.67
82873,1,0.73
82874,1,0.61
82875,0,0.28
82876,0,0.09
82877,0,0.01
82878,0,0
82879,0,0
82880,0,0
82881,0,0
82882,0,0.01
82883,0,0.03
82884,0,0.06
82885,0,0.05
82886,0,0.03
82946,1,0.93
82947,1,0.92
82948,1,0.93
82949,1,0.9
82950,1,0.8
82951,1,0.68
82952,1,0.68
82953,1,0.71
82954,1,0.74
82955,1,0.51
82956,0,0.27
82957,0,0.06
82958,0,0.01
82959,0,0
82960,0,0
82961,0,0
82962,0,0
82963,0,0.02
82964,0,0.04
82965,0,0.06
82966,0,0.04
83027,1,0.95
83028,1,0.93
83029,1,0.88
83030,1,0.92
83031,1,0.87
83032,1,0.67
83033,1,0.67
83034,1,0.69
83035,1,0.74
83036,1,0.55
83037,1,0.3
83038,0,0.24
83039,0,0.04
83040,0,0
83041,0,0
83042,0,0
83043,0,0
83044,0,0
83045,0,0.04
83046,0,0.06
83047,0,0.05
83048,0,0.03
83108,1,0.97
83109,1,0.93
83110,1,0.93
83111,1,0.93
83112,1,0.89
83113,1,0.79
83114,1,0.66
83115,1,0.65
83116,1,0.71
83117,1,0.7
83118,1,0.39
83119,1,0.24
83120,0,0.18
83121,0,0.01
83122,0,0
83123,0,0
83124,0,0
83125,0,0
83126,0,0.03
83127,0,0.06
83128,0,0.06
83129,0,0.04
83189,1,0.95
83190,1,0.92
83191,1,0.95
83192,1,0.9
83193,1,0.86
83194,1,0.76
83195,1,0.62
83196,1,0.7
83197,1,0.71
83198,1,0.45
83199,1,0.34
83200,0,0.25
83201,0,0.15
83202,0,0.01
83203,0,0
83204,0,0
83205,0,0
83206,0,0.01
83207,0,0.06
83208,0,0.06
83209,0,0.05
83210,0,0.03
83270,1,0.93
83271,1,0.93
83272,1,0.92
83273,1,0.94
83274,1,0.88
83275,1,0.79
83276,1,0.64
83277,1,0.66
83278,1,0.72
83279,1,0.63
83280,1,0.35
83281,0,0.28
83282,0,0.19
83283,0,0.12
83284,0,0.02
83285,0,0
83286,0,0
83287,0,0
83288,0,0.03
83289,0,0.06
83290,0,0.06
83291,0,0.05
83351,1,0.96
83352,1,0.94
83353,1,0.91
83354,1,0.95
83355,1,0.91
83356,1,0.87
83357,1,0.78
83358,1,0.68
83359,1,0.67
83360,1,0.75
83361,1,0.42
83362,1,0.37
83363,0,0.27
83364,0,0.18
83365,0,0.01
83366,0,0.01
83367,0,0
83368,0,0
83369,0,0.03
83370,0,0.06
83371,0,0.06
83372,0,0.06
83373,0,0.04
83432,1,0.95
83433,1,0.92
83434,1,0.92
83435,1,0.91
83436,1,0.9
83437,1,0.83
83438,1,0.73
83439,1,0.61
83440,1,0.72
83441,1,0.55
83442,1,0.36
83443,1,0.3
83444,0,0.23
83445,0,0.08
83446,0,0
83447,0,0
83448,0,0
83449,0,0.02
83450,0,0.06
83451,0,0.06
83452,0,0.06
83453,0,0.05
83513,1,0.95
83514,1,0.92
83515,1,0.92
83516,1,0.92
83517,1,0.9
83518,1,0.9
83519,1,0.73
83520,1,0.59
83521,1,0.64
83522,1,0.74
83523,1,0.39
83524,1,0.38
83525,1,0.29
83526,0,0.2
83527,0,0.02
83528,0,0
83529,0,0
83530,0,0
83531,0,0.03
83532,0,0.06
83533,0,0.06
83534,0,0.06
83535,0,0.04
83594,1,0.96
83595,1,0.89
83596,1,0.92
83597,1,0.94
83598,1,0.91
83599,1,0.89
83600,1,0.81
83601,1,0.73
83602,1,0.61
83603,1,0.71
83604,1,0.52
83605,1,0.38
83606,1,0.32
83607,0,0.23
83608,0,0.2
83609,0,0.04
83610,0,0
83611,0,0
83612,0,0.01
83613,0,0.06
83614,0,0.06
83615,0,0.06
83616,0,0.06
83675,1,0.92
83676,1,0.92
83677,1,0.93
83678,1,0.9
83679,1,0.89
83680,1,0.9
83681,1,0.72
83682,1,0.63
83683,1,0.66
83684,1,0.72
83685,1,0.39
83686,1,0.38
83687,1,0.26
83688,0,0.22
83689,0,0.1
83690,0,0
83691,0,0.01
83692,0,0
83693,0,0.03
83694,0,0.06
83695,0,0.06
83696,0,0.06
83697,0,0.05
83756,1,0.96
83757,1,0.95
83758,1,0.93
83759,1,0.92
83760,1,0.91
83761,1,0.9
83762,1,0.85
83763,1,0.73
83764,1,0.62
83765,1,0.69
83766,1,0.5
83767,1,0.38
83768,1,0.28
83769,0,0.22
83770,0,0.18
83771,0,0.05
83772,0,0
83773,0,0
83774,0,0.03
83775,0,0.06
83776,0,0.06
83777,0,0.06
83778,0,0.06
83837,1,0.99
83838,1,0.96
83839,1,0.93
83840,1,0.92
83841,1,0.9
83842,1,0.89
83843,1,0.87
83844,1,0.72
83845,1,0.7
83846,1,0.64
83847,1,0.72
83848,1,0.39
83849,1,0.38
83850,1,0.27
83851,0,0.23
83852,0,0.04
83853,0,0.07
83854,0,0
83855,0,0
83856,0,0.05
83857,0,0.06
83858,0,0.06
83859,0,0.06
83860,0,0.05
83918,1,0.98
83919,1,0.95
83920,1,0.93
83921,1,0.87
83922,1,0.92
83923,1,0.87
83924,1,0.84
83925,1,0.72
83927,1,0.71
83928,1,0.57
83929,1,0.39
83930,1,0.31
83931,0,0.24
83932,0,0.22
83933,0,0.04
83934,0,0.06
83935,0,0
83936,0,0
83937,0,0.03
83938,0,0.06
83939,0,0.06
83940,0,0.06
83999,1,0.98
84000,1,0.98
84001,1,0.93
84002,1,0.93
84003,1,0.9
84004,1,0.9
84005,1,0.87
84006,1,0.75
84007,1,0.71
84008,1,0.64
84009,1,0.66
84010,1,0.42
84011,1,0.4
84012,0,0.24
84013,0,0.22
84014,0,0.09
84015,0,0.06
84016,0,0
84017,0,0
84018,0,0.03
84019,0,0.06
84020,0,0.06
84021,0,0.06
84022,0,0.06
84080,1,0.95
84081,1,0.98
84082,1,0.97
84083,1,0.93
84084,1,0.9
84085,1,0.91
84086,1,0.87
84087,1,0.85
84088,1,0.72
84089,1,0.58
84090,1,0.66
84091,1,0.54
84092,1,0.4
84093,0,0.32
84094,0,0.26
84096,0,0.05
84097,0,0.06
84098,0,0
84099,0,0
84100,0,0.03
84101,0,0.06
84102,0,0.06
84103,0,0.04
84161,1,0.97
84162,1,0.97
84163,1,0.97
84164,1,0.92
84165,1,0.88
84166,1,0.9
84167,1,0.86
84168,1,0.78
84169,1,0.6
84170,1,0.58
84172,1,0.44
84173,0,0.39
84174,0,0.25
84176,0,0.09
84177,0,0.05
84178,0,0.04
84179,0,0.01
84180,0,0
84181,0,0.03
84182,0,0.04
84183,0,0.06
84184,0,0.03
84243,1,0.97
84244,1,0.97
84245,1,0.96
84246,1,0.88
84247,1,0.9
84248,1,0.89
84249,1,0.86
84250,1,0.67
84251,1,0.59
84252,1,0.63
84254,1,0.42
84255,0,0.3
84256,0,0.23
84258,0,0.06
84259,0,0.08
84260,0,0
84261,0,0
84262,0,0.01
84263,0,0.04
84264,0,0.03
84265,0,0.03
84325,1,0.97
84326,1,0.96
84327,1,0.91
84328,1,0.87
84329,1,0.91
84330,1,0.86
84331,1,0.77
84332,1,0.59
84333,1,0.58
84336,0,0.37
84339,0,0.08
84340,0,0.06
84341,0,0.05
84342,0,0
84343,0,0
84344,0,0.03
84345,0,0.03
84346,0,0.03
84347,0,0.03
84406,1,0.96
84407,1,0.96
84408,1,0.88
84409,1,0.9
84410,1,0.88
84411,1,0.88
84412,1,0.63
84413,1,0.59
84416,0,0.44
84417,0,0.29
84420,0,0.07
84421,0,0.08
84422,0,0
84423,0,0
84424,0,0
84425,0,0.02
84426,0,0.03
84427,0,0.03
84488,1,0.95
84489,1,0.91
84490,1,0.9
84491,1,0.93
84492,1,0.89
84493,1,0.8
84494,1,0.59
84498,0,0.41
84501,0,0.09
84502,0,0.07
84503,0,0.05
84504,0,0
84505,0,0
84506,0,0
84507,0,0.02
84508,0,0.02
84509,0,0.01
84570,1,0.96
84571,1,0.93
84572,1,0.91
84573,1,0.91
84574,1,0.77
84575,1,0.6
84579,0,0.4
84580,0,0.32
84583,0,0.07
84584,0,0.08
84585,0,0
84586,0,0
84587,0,0
84588,0,0
84589,0,0.01
84590,0,0.01
84651,1,0.95
84652,1,0.93
84654,1,0.85
84655,1,0.72
84660,0,0.4
84661,0,0.28
84664,0,0.07
84665,0,0.07
84666,0,0
84667,0,0
84668,0,0
84669,0,0
84670,0,0
84671,0,0
84733,1,0.93
84734,1,0.92
84735,1,0.86
84736,1,0.79
84742,0,0.41
84746,0,0.08
84747,0,0.01
84748,0,0
84749,0,0
84750,0,0
84751,0,0
84752,0,0
84814,1,0.94
84815,1,0.93
84817,1,0.84
84823,0,0.43
84824,0,0.32
84827,0,0.08
84828,0,0.05
84829,0,0
84830,0,0
84831,0,0
84832,0,0
84833,0,0
84834,0,0
84896,1,0.89
84897,1,0.78
84904,0,0.4
84908,0,0.06
84909,0,0
84910,0,0.01
84911,0,0
84912,0,0
84913,0,0
84914,0,0
84990,0,0.04
84991,0,0
84992,0,0.01
84993,0,0
84994,0,0
84995,0,0
84996,0,0
85067,0,0.38
85071,0,0.04
85072,0,0.01
85073,0,0.01
85074,0,0.02
85075,0,0
85076,0,0
85077,0,0
85150,0,0.06
85152,0,0.04
85153,0,0.01
85154,0,0.01
85155,0,0.02
85156,0,0
85157,0,0
85158,0,0
85231,0,0.08
85233,0,0.04
85234,0,0.02
85235,0,0
85236,0,0.01
85237,0,0.01
85238,0,0
85239,0,0
85313,0,0.11
85315,0,0.04
85316,0,0.01
85317,0,0
85318,0,0.01
85319,0,0.01
85320,0,0
85321,0,0
85394,0,0.11
85395,0,0.05
85396,0,0.02
85397,0,0.01
85398,0,0.01
85399,0,0.01
85400,0,0
85401,0,0
85475,0,0.12
85476,0,0.07
85477,0,0.05
85478,0,0.01
85479,0,0.01
85480,0,0.01
85481,0,0.01
85482,0,0
85557,0,0.13
85558,0,0.07
85559,0,0.02
85560,0,0.01
85561,0,0.01
85562,0,0.01
85563,0,0.02
85638,0,0.1
85639,0,0.05
85640,0,0.02
85641,0,0.01
85642,0,0.01
85643,0,0.01
85719,0,0.18
85720,0,0.09
85721,0,0.05
85722,0,0.01
85723,0,0.02
85724,0,0.01
85801,0,0.18
85802,0,0.09
85803,0,0.02
85804,0,0.01
85805,0,0.01
85881,0,0.25
85882,0,0.22
85883,0,0.08
85884,0,0.01
85885,0,0.01
85962,0,0.27
85963,0,0.26
85964,0,0.12
85965,0,0.04
85966,0,0.01
86044,0,0.21
86045,0,0.27
86046,0,0.09
86047,0,0.04
86124,0,0.23
86125,0,0.27
86126,0,0.22
86127,0,0.07
86206,0,0.22
86207,0,0.25
86208,0,0.17
86288,0,0.27
86289,0,0.25
86369,0,0.26
157504,1,0.52
157505,1,0.43
157506,1,0.51
157507,1,0.21
157508,1,0.48
157509,1,1
157511,1,0.89
157512,1,0.95
157513,1,0.96
157514,1,0.9
157515,1,0.75
157523,1,0.99
157524,1,1
157525,1,1
157526,1,1
157527,1,1
157528,1,1
157529,1,1
157530,1,1
157531,1,1
157532,1,0.99
157533,1,1
157534,1,0.95
157535,1,0.95
157536,1,0.9
157537,1,0.88
157538,1,0.88
157539,1,0.89
157540,0,0.86
157541,0,0.85
157584,1,0.47
157585,1,0.41
157586,1,0.55
157587,1,0.53
157588,1,0.52
157589,1,1
157591,1,0.9
157592,1,0.93
157593,1,0.97
157594,1,0.89
157595,1,0.75
157603,1,1
157604,1,0.99
157605,1,1
157606,1,1
157607,1,1
157608,1,1
157609,1,1
157610,1,1
157611,1,1
157612,1,1
157613,1,1
157614,1,1
157615,1,0.95
157616,1,0.91
157617,1,0.89
157618,1,0.88
157619,1,0.88
157620,0,0.87
157621,0,0.87
157622,0,0.65
157665,1,0.51
157666,1,0.47
157667,1,0.52
157668,1,0.55
157669,1,0.55
157670,1,0.55
157672,1,0.93
157673,1,0.9
157674,1,0.93
157675,1,0.94
157676,1,0.82
157685,1,1
157686,1,1
157687,1,1
157688,1,1
157689,1,1
157690,1,1
157691,1,0.99
157692,1,1
157693,1,1
157694,1,1
157695,1,0.99
157696,1,1
157697,1,0.95
157698,1,0.91
157699,1,0.89
157700,1,0.89
157701,1,0.88
157702,0,0.86
157703,0,0.82
157704,0,0.55
157746,1,0.57
157747,1,0.47
157748,1,0.47
157749,1,0.6
157750,1,0.7
157751,1,0.72
157753,1,0.87
157754,1,0.86
157755,1,0.92
157756,1,0.96
157757,1,0.89
157766,1,1
157767,1,1
157768,1,1
157769,1,1
157770,1,1
157771,1,1
157772,1,0.99
157773,1,0.97
157774,1,1
157775,1,1
157776,1,1
157777,1,1
157778,1,0.96
157779,1,0.94
157780,1,0.88
157781,1,0.88
157782,1,0.88
157783,1,0.86
157784,0,0.88
157785,0,0.73
157786,0,0.52
157787,0,0.17
157788,0,0.12
157826,1,0.53
157827,1,0.42
157828,1,0.44
157829,1,0.58
157830,1,0.66
157831,1,0.74
157832,1,1
157834,1,0.86
157835,1,0.9
157836,1,0.97
157837,1,0.91
157838,1,0.88
157846,1,1
157847,1,0.99
157848,1,0.99
157849,1,1
157850,1,0.99
157851,1,1
157852,1,1
157853,1,0.99
157854,1,0.99
157855,1,1
157856,1,1
157857,1,1
157858,1,1
157859,1,0.94
157860,1,0.92
157861,1,0.89
157862,1,0.88
157863,1,0.88
157864,1,0.87
157865,0,0.77
157866,0,0.7
157867,0,0.69
157868,0,0.08
157869,0,0.13
157907,1,0.5
157908,1,0.26
157909,1,0.4
157910,1,0.52
157911,1,0.67
157912,1,0.71
157913,1,1
157915,1,0.86
157916,1,0.83
157917,1,0.94
157918,1,0.93
157919,1,0.84
157928,1,0.98
157929,1,1
157930,1,0.99
157931,1,1
157932,1,1
157933,1,1
157934,1,0.98
157935,1,0.99
157936,1,0.99
157937,1,1
157938,1,1
157939,1,1
157940,1,0.98
157941,1,0.93
157942,1,0.9
157943,1,0.89
157944,1,0.88
157945,1,0.86
157946,0,0.85
157947,0,0.73
157948,0,0.64
157949,0,0.56
157950,0,0.1
157989,1,0.38
157990,1,0.44
157991,1,0.51
157992,1,0.68
157993,1,0.7
157994,1,0.78
157996,1,0.97
157997,1,0.89
157998,1,0.94
157999,1,0.93
158000,1,0.83
158009,1,0.99
158010,1,1
158011,1,0.99
158012,1,1
158013,1,1
158014,1,1
158015,1,1
158016,1,0.98
158017,1,1
158018,1,0.99
158019,1,0.99
158020,1,0.99
158021,1,0.99
158022,1,0.94
158023,1,0.91
158024,1,0.89
158025,1,0.88
158026,1,0.88
158027,1,0.87
158028,1,0.69
158029,1,0.7
158030,1,0.68
158031,0,0.67
158032,0,0.14
158069,1,0.45
158070,1,0.56
158071,1,0.5
158072,1,0.71
158073,1,0.72
158074,1,0.72
158077,1,0.97
158078,1,0.96
158079,1,0.92
158080,1,0.82
158088,1,1
158089,1,0.99
158090,1,1
158091,1,0.99
158092,1,0.98
158093,1,1
158094,1,1
158095,1,1
158096,1,0.98
158097,1,1
158098,1,1
158099,1,0.99
158100,1,0.99
158101,1,0.99
158102,1,0.98
158103,1,0.94
158104,1,0.91
158105,1,0.9
158106,1,0.9
158107,1,0.87
158108,1,0.76
158109,1,0.69
158110,1,0.66
158111,1,0.66
158112,0,0.7
158113,0,0.05
158150,1,0.46
158151,1,0.62
158152,1,0.56
158153,1,0.74
158154,1,0.77
158155,1,0.87
158156,1,0.92
158158,1,0.85
158159,1,0.9
158160,1,0.68
158161,1,0.79
158170,1,1
158171,1,0.98
158172,1,1
158173,1,0.99
158174,1,0.98
158175,1,0.99
158176,1,1
158177,1,1
158178,1,0.99
158179,1,1
158180,1,0.99
158181,1,0.98
158182,1,0.99
158183,1,0.98
158184,1,0.98
158185,1,0.93
158186,1,0.91
158187,1,0.9
158188,1,0.87
158189,1,0.86
158190,1,0.73
158191,1,0.64
158192,1,0.77
158193,0,0.88
158194,0,0.63
158231,1,0.43
158232,1,0.62
158233,1,0.75
158234,1,0.78
158235,1,0.82
158237,1,0.97
158239,1,0.85
158240,1,0.8
158251,1,0.98
158252,1,1
158253,1,0.92
158254,1,1
158255,1,0.98
158256,1,1
158257,1,1
158258,1,1
158259,1,0.99
158260,1,1
158261,1,0.99
158262,1,0.99
158263,1,0.98
158264,1,0.99
158265,1,0.99
158266,1,0.98
158267,1,0.92
158268,1,0.9
158269,1,0.9
158270,1,0.86
158271,1,0.76
158272,1,0.71
158273,1,0.72
158274,1,0.97
158275,0,0.92
158312,1,0.65
158313,1,0.7
158314,1,0.75
158315,1,0.81
158316,1,0.84
158320,1,0.83
158331,1,0.99
158332,1,1
158333,1,0.98
158334,1,0.96
158335,1,0.99
158336,1,0.98
158337,1,1
158338,1,0.99
158339,1,1
158340,1,1
158341,1,1
158342,1,0.99
158343,1,0.99
158344,1,0.99
158345,1,1
158346,1,0.98
158347,1,0.93
158348,1,0.91
158349,1,0.9
158350,1,0.89
158351,1,0.84
158352,1,0.73
158353,1,0.73
158354,1,0.98
158355,1,0.96
158356,1,0.41
158393,1,0.49
158394,1,0.63
158395,1,0.77
158396,1,0.81
158397,1,0.84
158401,1,0.88
158413,1,0.98
158414,1,0.99
158415,1,0.93
158416,1,0.98
158417,1,0.99
158418,1,1
158419,1,1
158420,1,1
158421,1,1
158422,1,1
158423,1,1
158424,1,1
158425,1,0.99
158426,1,1
158427,1,0.99
158428,1,0.97
158429,1,0.95
158430,1,0.9
158431,1,0.89
158432,1,0.85
158433,1,0.73
158434,1,0.74
158435,1,0.98
158436,1,0.98
158437,1,0.92
158474,1,0.39
158475,1,0.56
158476,1,0.69
158477,1,0.84
158478,1,0.86
158479,1,0.76
158494,1,0.99
158495,1,1
158496,1,0.98
158497,1,0.98
158498,1,0.97
158499,1,1
158500,1,1
158501,1,1
158502,1,1
158503,1,1
158504,1,1
158505,1,1
158506,1,1
158507,1,1
158508,1,1
158509,1,0.98
158510,1,0.97
158511,1,0.88
158512,1,0.91
158513,1,0.88
158514,1,0.82
158515,1,0.74
158516,1,0.98
158517,1,0.95
158518,1,1
158554,1,0.35
158555,1,0.5
158556,1,0.7
158557,1,0.78
158558,1,0.86
158574,1,0.99
158575,1,1
158576,1,0.99
158577,1,0.98
158578,1,0.98
158579,1,0.98
158580,1,1
158581,1,1
158582,1,1
158583,1,1
158584,1,1
158585,1,1
158586,1,1
158587,1,1
158588,1,1
158589,1,1
158590,1,0.97
158591,1,0.95
158592,1,0.9
158593,1,0.87
158594,1,0.87
158595,1,0.75
158596,1,0.85
158597,1,0.97
158598,1,1
158599,1,0.99
158636,1,0.35
158637,1,0.67
158638,1,0.77
158639,1,0.84
158654,1,1
158655,1,1
158656,1,1
158657,1,0.99
158658,1,0.96
158659,1,0.98
158660,1,0.98
158661,1,0.99
158662,1,1
158663,1,1
158664,1,1
158665,1,1
158666,1,1
158667,1,0.99
158668,1,1
158669,1,0.99
158670,1,0.98
158671,1,1
158672,1,0.96
158673,1,0.96
158674,1,0.87
158675,1,0.87
158676,1,0.84
158677,1,0.86
158678,1,0.98
158679,1,1
158680,1,0.99
158718,1,0.43
158719,1,0.65
158720,1,0.78
158721,1,0.85
158735,1,1
158736,1,1
158737,1,1
158738,1,1
158739,1,0.97
158740,1,0.97
158741,1,0.98
158742,1,0.99
158743,1,0.99
158744,1,1
158745,1,1
158746,1,1
158747,1,1
158748,1,0.98
158749,1,0.99
158750,1,0.98
158751,1,0.98
158752,1,0.98
158753,1,1
158754,1,0.97
158755,1,0.96
158756,1,0.93
158757,1,0.91
158758,1,0.84
158759,1,0.99
158760,1,0.99
158761,1,0.97
158798,1,0.33
158799,1,0.61
158800,1,0.77
158801,1,0.83
158802,0,0.93
158816,1,1
158817,1,0.99
158818,1,1
158819,1,1
158820,1,0.98
158821,1,0.98
158822,1,0.97
158823,1,0.99
158824,1,1
158825,1,1
158826,1,1
158827,1,1
158830,1,0.99
158831,1,0.98
158832,1,0.98
158833,1,0.97
158834,1,0.99
158835,1,0.96
158836,1,0.97
158837,1,0.95
158838,1,0.87
158839,1,0.99
158840,1,1
158841,1,0.88
158842,1,0.86
158879,1,0.24
158880,1,0.31
158881,1,0.77
158882,1,0.79
158884,0,0.91
158898,1,1
158899,1,1
158900,1,0.99
158901,1,0.98
158902,1,0.98
158903,1,0.98
158904,1,0.99
158905,1,1
158906,1,1
158907,1,0.99
158908,1,0.99
158909,1,0.91
158912,1,0.99
158913,1,0.98
158914,1,0.98
158915,1,0.99
158916,1,0.99
158917,1,0.95
158918,1,0.96
158919,1,0.91
158920,1,0.89
158921,1,0.99
158922,1,0.83
158923,1,0.81
158959,0,0.33
158960,0,0.2
158964,1,0.67
158965,0,0.85
158980,1,1
158981,1,0.99
158982,1,0.98
158983,1,0.98
158984,1,0.98
158985,1,0.98
158986,1,0.99
158987,1,1
158988,1,1
158989,1,0.99
158990,1,0.93
158994,1,0.97
158995,1,0.98
158996,1,0.97
158997,1,0.99
158998,1,0.97
158999,1,0.96
159000,1,0.96
159001,1,0.98
159002,1,0.99
159003,1,0.95
159004,1,0.83
159040,0,0.31
159045,0,0.66
159060,1,1
159061,1,1
159062,1,1
159063,1,0.98
159064,1,0.98
159065,1,0.98
159066,1,0.99
159067,1,1
159068,1,1
159069,1,1
159070,1,0.98
159075,1,0.98
159076,1,0.98
159077,1,0.97
159078,1,0.99
159079,1,0.99
159080,1,0.97
159081,1,0.98
159082,1,0.99
159083,1,1
159084,1,0.9
159085,1,0.84
159121,0,0.32
159122,0,0.32
159126,0,0.44
159142,1,1
159143,1,0.99
159144,1,0.99
159145,1,0.98
159146,1,0.98
159147,1,0.99
159148,1,0.99
159149,1,1
159150,1,1
159151,1,0.98
159156,1,0.99
159157,1,0.97
159158,1,0.98
159159,1,0.97
159160,1,0.99
159161,1,1
159162,1,0.97
159163,1,0.99
159164,1,1
159165,1,0.99
159166,1,0.89
159202,0,0.35
159203,0,0.31
159224,1,1
159225,1,1
159226,1,0.99
159227,1,0.98
159228,1,0.98
159229,1,1
159230,1,1
159231,1,1
159232,1,0.99
159238,1,0.99
159239,1,0.96
159240,1,0.97
159241,1,1
159242,1,1
159243,1,1
159244,1,0.99
159245,1,1
159246,1,1
159247,1,0.91
159283,0,0.25
159284,0,0.32
159305,1,0.99
159306,1,0.99
159307,1,0.99
159308,1,0.98
159309,1,1
159310,1,1
159311,1,1
159312,1,0.99
159319,1,0.98
159320,1,0.98
159321,1,0.98
159322,1,1
159323,1,1
159324,1,0.98
159325,1,0.87
159326,1,0.99
159327,1,0.93
159328,1,0.88
159364,0,0.34
159365,0,0.26
159387,1,0.99
159388,1,0.99
159389,1,0.98
159390,1,0.99
159391,1,1
159392,1,0.99
159393,1,0.99
159401,1,0.99
159402,1,0.98
159403,1,1
159404,1,1
159405,1,1
159406,1,0.99
159407,1,0.97
159408,1,1
159409,1,0.97
159446,0,0.24
159468,1,0.97
159469,1,0.93
159470,1,0.99
159471,1,0.98
159472,1,0.99
159473,1,1
159474,1,0.99
159483,1,0.98
159484,1,0.98
159485,1,1
159486,1,1
159487,1,1
159488,1,0.99
159489,1,1
159490,1,1
159526,0,0.31
159527,0,0.28
159549,1,0.99
159550,1,0.97
159551,1,0.97
159552,1,1
159553,1,1
159554,1,0.99
159555,1,1
159563,1,1
159564,1,0.98
159565,1,1
159566,1,1
159567,1,0.99
159568,1,1
159569,1,1
159570,1,0.96
159571,1,0.99
159607,0,0.35
159608,0,0.22
159631,1,1
159632,1,0.99
159633,1,1
159634,1,1
159635,1,0.99
159636,1,0.99
159645,1,0.98
159646,1,0.98
159647,1,1
159648,1,1
159649,1,1
159650,1,1
159651,1,0.92
159652,1,1
159689,0,0.29
159690,0,0.3
159712,1,0.99
159713,1,0.99
159714,1,0.99
159715,1,0.99
159716,1,0.98
159717,1,0.99
159726,1,0.99
159727,1,0.98
159728,1,1
159729,1,1
159730,1,1
159731,1,0.99
159732,1,0.96
159733,1,0.94
159769,0,0.34
159770,0,0.23
159793,1,0.99
159794,1,1
159795,1,1
159796,1,1
159797,1,1
159806,1,1
159807,1,0.97
159808,1,0.98
159809,1,1
159810,1,1
159811,1,0.98
159812,1,0.99
159813,1,0.94
159814,1,0.94
159851,0,0.26
159875,1,1
159876,1,1
159877,1,0.96
159888,1,0.98
159889,1,0.98
159890,1,1
159891,1,1
159892,1,0.97
159893,1,0.94
159894,1,0.98
159895,1,0.93
159932,0,0.3
159933,0,0.21
159942,0,0.85
159943,0,0.91
159968,1,0.98
159969,1,1
159970,1,0.98
159971,1,0.98
159972,1,1
159973,1,1
159974,1,0.92
159975,1,0.93
159976,1,0.99
160013,0,0.22
160022,0,0.95
160023,0,0.85
160024,0,0.93
160048,1,0.99
160049,1,0.99
160050,1,0.98
160051,1,0.98
160052,1,1
160053,1,1
160054,1,0.96
160055,1,0.91
160056,1,0.93
160057,1,0.93
160094,0,0.16
160095,0,0.22
160103,0,1
160104,0,0.98
160105,0,1
160131,1,1
160132,1,0.98
160133,1,0.99
160134,1,1
160135,1,1
160136,1,0.91
160137,1,0.9
160138,1,0.93
160176,0,0.16
160184,0,1
160185,0,0.99
160186,0,0.99
160187,0,0.93
160212,1,1
160213,1,0.99
160214,1,1
160215,1,1
160216,1,0.99
160217,1,0.95
160218,1,0.92
160219,1,0.92
160256,0,0.17
160263,0,0.95
160264,0,0.96
160265,0,0.99
160266,0,1
160267,0,0.98
160293,1,0.99
160294,1,0.99
160295,1,1
160296,1,0.99
160297,1,0.99
160298,1,0.92
160299,1,0.92
160300,1,0.92
160337,0,0.14
160338,0,0.24
160344,0,0.86
160345,0,1
160346,0,1
160347,0,1
160348,0,0.99
160349,0,1
160374,1,0.99
160375,1,0.99
160376,1,1
160377,1,0.99
160378,1,0.99
160379,1,0.93
160380,1,0.93
160381,1,0.91
160419,0,0.41
160420,0,0.7
160425,0,0.9
160426,0,1
160427,0,0.99
160428,0,1
160429,0,1
160430,0,0.99
160456,1,0.99
160457,1,0.99
160458,1,1
160459,1,0.99
160460,1,0.93
160461,1,0.92
160462,1,0.93
160499,0,0.22
160500,0,0.69
160506,0,0.96
160507,0,1
160508,0,1
160509,0,0.96
160510,0,1
160536,1,1
160537,1,0.99
160538,1,1
160539,1,0.97
160540,1,0.96
160541,1,0.89
160542,1,0.93
160543,1,0.92
160581,0,0.47
160582,0,0.69
160587,0,0.92
160588,0,1
160589,0,1
160590,0,1
160591,0,1
160592,0,1
160618,1,1
160619,1,1
160620,1,0.99
160621,1,0.97
160622,1,0.92
160623,1,0.92
160624,1,0.94
160662,0,0.2
160663,0,0.7
160669,0,1
160670,0,1
160671,0,1
160672,0,1
160673,0,1
160674,0,1
160675,0,0.91
160699,1,0.99
160700,1,1
160701,1,0.99
160702,1,0.98
160703,1,0.94
160704,1,0.9
160705,1,0.94
160743,0,0.25
160744,0,0.26
160749,0,0.98
160750,0,1
160751,0,1
160752,0,1
160753,0,1
160754,0,1
160755,0,1
160780,1,1
160781,1,1
160782,1,0.99
160783,1,0.96
160784,1,0.91
160785,1,0.94
160786,1,0.95
160824,0,0.19
160825,0,0.35
160830,0,0.93
160831,0,0.99
160832,0,1
160833,0,0.97
160834,0,1
160835,0,1
160836,0,1
160837,0,1
160861,1,0.98
160862,1,1
160863,1,1
160864,1,0.99
160865,1,0.93
160866,1,0.89
160867,1,0.95
160906,0,0.18
160912,0,0.96
160913,0,1
160914,0,0.99
160915,0,0.97
160916,0,1
160917,0,0.99
160918,0,1
160919,1,1
160943,1,1
160944,1,1
160945,1,0.99
160946,1,0.97
160947,1,0.91
160948,1,0.94
160986,0,0.21
160987,0,0.36
160992,0,0.83
160993,0,1
160994,0,0.99
160995,0,1
160996,0,0.97
160997,0,1
160998,0,0.97
160999,1,1
161023,1,0.98
161024,1,1
161025,1,1
161026,1,0.99
161027,1,0.92
161028,1,0.93
161029,1,0.95
161068,0,0.23
161074,0,0.88
161075,0,1
161076,0,0.98
161077,0,0.99
161078,0,0.99
161079,0,0.99
161080,0,1
161081,1,1
161105,1,1
161106,1,1
161107,1,0.99
161108,1,0.98
161109,1,0.91
161110,1,0.95
161149,0,0.13
161156,0,0.91
161157,0,0.99
161158,0,0.99
161159,0,1
161160,0,1
161161,0,1
161162,1,1
161187,1,1
161188,1,0.98
161189,1,0.96
161190,1,0.97
161191,1,0.95
161236,0,0.84
161237,0,0.99
161238,0,0.99
161239,0,0.99
161240,0,1
161241,0,0.99
161242,0,1
161243,1,1
161267,1,1
161268,1,1
161269,1,0.99
161270,1,0.99
161271,1,0.95
161272,1,0.94
161311,0,0.06
161318,0,0.89
161319,0,0.99
161320,0,1
161321,0,1
161322,0,0.99
161323,0,0.99
161324,1,1
161325,1,0.99
161349,1,1
161350,1,1
161351,1,0.98
161352,1,0.96
161353,1,0.95
161392,0,0.4
161399,0,0.89
161400,0,0.98
161401,0,0.99
161402,0,1
161403,0,0.96
161404,0,0.98
161405,0,0.99
161406,1,0.98
161407,1,0.91
161430,1,1
161431,1,1
161432,1,0.98
161433,1,0.99
161434,1,0.94
161473,0,0.36
161479,0,0.87
161480,0,0.9
161481,0,0.98
161482,0,1
161483,0,0.99
161484,0,0.98
161485,0,0.99
161486,1,0.97
161487,1,0.98
161488,1,0.89
161511,1,1
161512,1,1
161513,1,0.97
161514,1,0.97
161515,1,0.94
161561,0,0.93
161562,0,0.9
161563,0,0.99
161564,0,0.97
161565,0,0.98
161566,0,0.96
161567,0,0.98
161568,1,0.99
161569,1,0.97
161570,1,0.71
161592,1,1
161593,1,0.99
161594,1,0.96
161595,1,0.99
161596,1,0.94
161642,0,0.85
161643,0,0.9
161644,0,0.99
161645,0,1
161646,0,0.99
161647,0,0.98
161648,0,0.98
161649,1,0.98
161650,1,0.52
161651,1,0.79
161674,1,1
161675,1,1
161676,1,0.96
161677,1,0.96
161722,0,0.93
161723,0,0.87
161724,0,0.9
161725,0,1
161726,0,0.99
161727,0,0.98
161728,0,1
161729,0,1
161730,1,0.53
161731,1,0.46
161732,1,0.57
161754,1,1
161755,1,1
161756,1,0.99
161757,1,0.99
161758,1,0.96
161804,0,0.96
161805,0,0.88
161806,0,0.98
161807,0,0.91
161808,0,0.98
161809,0,0.99
161810,0,0.98
161811,1,0.48
161812,1,0.45
161813,1,0.08
161814,1,0.65
161836,1,1
161837,1,1
161838,1,0.96
161839,1,0.97
161885,0,0.91
161886,0,0.97
161887,0,0.93
161888,0,0.99
161889,0,0.93
161890,0,0.97
161891,0,0.98
161892,0,0.99
161893,1,0.16
161894,1,0.03
161895,1,0.37
161917,1,1
161918,1,1
161919,1,0.97
161920,1,0.96
161966,0,0.95
161967,0,0.99
161968,0,1
161969,0,0.92
161970,0,0.94
161971,0,0.98
161972,0,0.99
161973,1,0.15
161974,1,0.01
161975,1,0.01
161976,1,0.24
161998,1,1
161999,1,1
162000,1,0.97
162001,1,0.95
162047,0,0.83
162048,0,0.9
162049,0,0.96
162050,0,0.92
162051,0,0.87
162052,0,0.9
162053,0,1
162054,0,0.01
162055,1,0.01
162056,1,0.01
162057,1,0.02
162058,1,0.26
162079,1,1
162080,1,1
162081,1,0.97
162082,1,0.97
162129,0,0.88
162130,0,0.98
162131,0,0.92
162132,0,0.9
162133,0,0.87
162134,0,0.94
162135,1,0.05
162136,1,0.01
162137,1,0
162138,1,0
162139,1,0.11
162140,1,0.29
162161,1,1
162162,1,1
162163,1,0.97
162211,0,0.96
162212,0,0.76
162213,0,0.91
162214,0,0.58
162215,0,1
162216,1,0.03
162217,1,0.01
162218,1,0.01
162219,1,0.03
162220,1,0.12
162221,1,0.21
162242,1,0.99
162243,1,0.97
162244,1,0.95
162294,0,0.94
162295,0,0.96
162296,0,0.82
162297,1,0.02
162298,1,0.01
162299,1,0
162300,1,0.03
162301,1,0.07
162302,1,0.12
162303,1,0.16
162323,1,0.98
162324,1,0.99
162325,1,0.97
162375,0,0.97
162376,0,0.85
162377,0,0.83
162378,0,0.06
162379,1,0.02
162380,1,0.08
162381,1,0.11
162382,1,0.07
162383,1,0.09
162384,1,0.08
162385,1,0.16
162405,1,0.99
162406,1,0.86
162456,0,0.97
162457,0,0.66
162458,0,0.11
162459,1,0.06
162460,1,0.04
162461,1,0.13
162462,1,0.11
162463,1,0.07
162464,1,0.1
162465,1,0.13
162486,1,0.98
162487,1,0.97
162538,0,0.79
162539,0,0.36
162540,0,0.06
162541,1,0.1
162542,1,0.07
162543,1,0.11
162544,1,0.1
162545,1,0.13
162546,1,0.04
162568,1,0.99
162621,0,0.1
162622,1,0.05
162623,1,0.14
162625,1,0.26
162626,1,0.1
162627,1,0.12
162649,1,0.97
162702,0,0.13
162703,1,0.23
162706,1,0.12
162707,1,0.05
162730,1,0.99
162784,1,0.32
162789,1,0.09
162865,0,0.39
162870,1,0.1
